Название магазина,Дата и время,Долгота,Широта,Категория,Бренд,Номер карты,Количество товаров,Стоимость
VAG Club,2017-05-28 11:19,30.22647,59.996275,Автомобильные аксессуары,K&N,5176478126679349,13,4000
Дикси,2014-05-14 12:23,30.315406,59.961436,Безалкогольные напитки,7 Up,5176478126679349,23,90
Babochka,2020-09-09 18:54,29.872112,60.171461,Спортивная одежда,Fila,5176478126679349,29,5000
PisterGSM,2017-02-05 09:38,30.36603,59.932429,Устройства виртуальной и дополненной реальности,Lenovo,4274183006787041,46,28000
Авто Стори,2016-08-27 21:32,30.47283,59.885293,Подвеска и рулевое управление,SKF,4274183006787041,5,13000
StoreDima,2016-09-23 11:39,30.32422,59.929012,Батарейки и зарядные устройства,Bosch,4274183006787041,39,520
Азбука вкуса,2015-11-12 06:02,30.359189,59.931679,Хлеб и выпечка,Славянка,4274183006787041,5,60
Дизель спот,2018-07-29 19:57,30.468788,59.960016,Автомобильные аксессуары,Garmin,4274183006787041,5,12000
Ашан,2014-11-01 15:16,30.513685,59.894625,Фрукты и овощи,NatureSweet,4333162753855185,20,270
Максидом,2017-09-20 21:27,30.267628,59.95185,Садовый декор,Good Directions,4333162753855185,7,24000
Азбука вкуса,2016-04-20 15:18,30.359189,59.931679,Чай и кофе,Jacobs,5488375324396666,5,240
СтройХаус,2023-01-01 08:21,30.409452,60.075356,Строительные материалы,Isover,5488375324396666,9,3700
Дизель спот,2022-12-21 10:51,30.444036,59.950531,Автосигнализации и охранные системы,Zont,4154003779731458,5,24000
Лента,2020-08-18 14:24,30.340722,60.049161,Алкогольные напитки,Baileys,4154003779731458,16,1700
Авто Стори,2023-12-29 17:56,30.47283,59.885293,Электрооборудование,Hitachi,4154003779731458,5,14500
Eurospar,2018-07-19 18:44,30.284029,59.944536,Продукты для спортсменов,RSP Nutrition,4154003779731458,25,2300
Афоня,2014-08-05 12:17,30.179832,59.86322,Изоляционные материалы,Knauf Insulation,4154003779731458,13,1300
DreamWhite,2013-03-19 16:27,30.359178,59.938404,Спортивная одежда,Saucony,5458075747771201,7,6600
Лента,2013-07-25 13:42,30.340722,60.049161,Фрукты и овощи,Green Giant,5536912239637329,6,120
РеалЪ,2013-01-14 14:12,30.391841,59.944115,Масла и жиры,Славянка,5536912239637329,8,135
М.Видео,2019-05-01 21:41,30.335195,60.058204,Телефоны и оборудование для стационарной связи,Motorola,5149084716334636,22,6000
Eurospar,2015-08-23 16:20,30.34903,59.945452,Сладости и десерты,Mars,4023126745359689,8,250
Петрович,2023-10-04 21:36,30.23458,59.996405,Изоляционные материалы,Penoplex,4023126745359689,5,1000
Ситилинк,2017-08-21 18:38,30.342154,59.836205,Сетевые сервисы и подписки,Twilio,4714876850806062,20,10000
Петрович,2018-03-07 20:54,30.156532,59.585724,Герметики и монтажная пена,Ultima,4714876850806062,5,330
М-Стерео,2024-05-08 08:58,30.367216,59.935317,Мониторы,Asus,5536911961610447,5,29000
Babochka,2024-03-19 19:52,30.300985,60.004935,Одежда для дома,La Perla,5536911961610447,12,6000
Дизель спот,2017-05-30 16:24,30.468788,59.960016,Шины и диски,Firestone,5486737849818814,12,9500
PisterGSM,2016-01-07 14:31,30.36603,59.932429,Накопители данных,Mushkin,5469478235644199,5,5500
GATE31,2015-12-16 13:04,30.309594,59.964426,Спортивная одежда,Adidas,5469478235644199,5,6500
VAG Club,2015-11-13 19:22,30.22647,59.996275,Электрооборудование,Bosch,5469478235644199,27,15000
Eurospar,2021-04-04 15:16,30.300629,59.96729,Товары для выпечки,Nestlé Toll House,5469478235644199,13,170
VAG Club,2020-06-21 21:08,30.22647,59.996275,Шины и диски,General Tire,5490006411107522,9,9000
Сатурн,2014-03-02 19:54,30.352088,59.996967,Керамическая плитка,Kerama Marazzi,5490006411107522,5,1500
М.Видео,2013-05-25 13:17,30.37881,59.82784,Настольные компьютеры,Corsair,5490006411107522,5,100000
Автотрейд,2016-04-15 13:34,30.382332,59.889032,Автомобильные аксессуары,BlackVue,5479016809689044,5,20000
Barleone,2023-10-25 14:48,30.293232,59.959192,Футболки и майки,Tommy Hilfiger,5479016809689044,41,4000
Мастеровой,2024-10-15 16:19,30.313991,59.926244,Лестницы и стремянки,ABRU,5479016809689044,41,10500
Афоня,2024-09-22 19:39,30.507137,59.9086,Системы канализации,Ostendorf,5479016809689044,10,12000
Автотрейд,2019-09-07 09:08,30.169871,59.815811,Подвеска и рулевое управление,Mevotech,5479016809689044,5,12500
Петрович,2016-04-24 15:12,30.354297,60.075893,Поливочные системы,Nelson,4023118209207784,5,9000
Лемана Про,2018-08-24 07:39,30.347462,60.066702,Отделочные материалы,Kreisel,4023118209207784,5,4400
StoreDima,2021-01-16 13:17,30.32422,59.929012,Мелкая бытовая техника,Bork,5484253930206484,5,25000
Авто Стори,2014-02-01 15:35,30.47283,59.885293,Автозвук и мультимедиа,Pioneer,5484253930206484,50,15000
PisterGSM,2020-03-17 14:00,30.36603,59.932429,Аудиооборудование,Samsung,5484253930206484,34,34000
М.Видео,2015-09-23 12:28,30.472608,59.742865,Системы безопасности,Axis Communications,5484253930206484,24,30000
М.Видео,2013-12-22 14:26,30.301431,60.004999,Планшеты,Apple,4797135983964791,38,80000
М.Видео,2021-10-07 20:13,30.445592,59.910635,Планшеты,Dragon Touch,4797135983964791,5,13000
Азбука вкуса,2019-06-25 10:38,30.314295,60.04879,Орехи и сухофрукты,Азбука Вкуса,4797135983964791,28,550
StoreDima,2016-09-17 16:00,30.32422,59.929012,Носимая электроника,Diesel,4797135983964791,5,25000
Авто Стори,2019-10-24 12:26,30.47283,59.885293,Автозвук и мультимедиа,Kenwood Excelon,4797135983964791,5,20000
Elny,2019-08-01 10:12,30.268161,59.849699,Одежда для работы,Zara,5484021532913111,35,7500
Перекрёсток,2012-02-02 10:56,30.371049,59.882592,Молочные продукты,Chudo,5484021532913111,38,85
VAG Club,2018-10-07 23:48,30.22647,59.996275,Системы охлаждения,Hastings,5484021532913111,13,10500
Лента,2013-12-13 05:34,30.356441,59.981211,Чай и кофе,Gevalia,5484021532913111,5,270
Ашан,2016-01-05 02:59,30.25689,59.990167,Соусы и приправы,Tabasco,5484021532913111,22,180
Пятёрочка,2019-02-11 14:54,30.115295,59.840563,Консервы,Green Ray,4279620083138437,29,120
Elny,2020-05-15 11:54,30.293474,59.960791,Свитера и кардиганы,Lacoste,4279620083138437,5,7000
PisterGSM,2012-05-19 09:57,30.36603,59.932429,Ноутбуки,Apple,4279620083138437,5,120000
Авто Стори,2015-07-14 23:19,30.47283,59.885293,Подвеска и рулевое управление,Febi,4279620083138437,5,10500
Сатурн,2020-08-02 16:36,29.892184,59.881107,Герметики и монтажная пена,Isover,6768932467186108,5,380
Лента,2020-06-02 12:34,30.083939,59.724489,Рыба и морепродукты,Рыбная деревня,5543869677931008,12,490
StoreDima,2024-12-28 09:02,30.32422,59.929012,Офисная техника,OKI,5543869677931008,5,30000
Лемана Про,2013-09-21 22:08,30.446878,59.912914,Садовый декор,Campania International,5543869677931008,41,30000
СтройХаус,2024-08-09 10:26,30.409452,60.075356,Напольные покрытия,Armstrong,5543869677931008,5,2000
Сатурн,2014-11-17 12:42,30.352088,59.996967,Садовая мебель,Talenti,5484291837278087,5,65000
PisterGSM,2024-01-05 16:30,30.36603,59.932429,Аудиооборудование,Beats,5479660064606624,16,30000
Азбука вкуса,2024-02-28 05:44,30.34879,59.94209,Безалкогольные напитки,Nestea,5479660064606624,11,80
Мастеровой,2023-12-20 17:05,30.314396,59.926407,Системы отопления,ACV,4245425684042693,21,110000
Дизель спот,2012-04-14 09:10,30.468788,59.960016,Автоинструменты и оборудование,Proto,4245425684042693,31,15000
Barleone,2018-08-22 15:26,30.293232,59.959192,Верхняя одежда,Ralph Lauren,4276116255652433,5,30000
М-Стерео,2022-09-14 20:00,30.367216,59.935317,Ноутбуки,Microsoft,4276116255652433,5,90000
Авто Стори,2020-06-16 14:51,30.385865,59.892103,Электрооборудование,Beru,4274188057140913,16,7500
СтройХаус,2013-05-27 17:48,30.249342,60.034898,Садовая техника,Craftsman,4274188057140913,26,55000
ТехноНИКОЛЬ,2019-10-19 14:56,30.432281,59.897979,Строительные материалы,Knauf,4274188057140913,5,3000
Дон Телефон,2015-11-08 11:04,30.321769,59.927084,Аксессуары для мобильных устройств,Spigen,4274188057140913,5,4500
Телемаркет24,2023-09-26 17:08,30.272169,60.002172,Мониторы,Panasonic,5469335584253145,5,30000
Авто Стори,2015-07-10 18:58,30.385865,59.892103,Трансмиссии,Denso,5469335584253145,28,125000
VAG Club,2013-04-05 19:22,30.22647,59.996275,Электрооборудование,NGK,5469335584253145,5,9000
Дон Телефон,2014-03-03 10:55,30.321769,59.927084,Автоэлектроника,Kicker,5469335584253145,6,15000
VAG Club,2023-08-21 13:29,30.444139,60.000501,Автомобильные масла и жидкости,Shell,5469335584253145,25,2600
Лента,2018-07-17 09:18,30.470295,59.951686,Молочные продукты,Selo Zelenoe,5104105098454457,39,80
GATE31,2019-04-27 12:25,30.344614,59.930422,Купальники и пляжная одежда,Roxy,4082130387762422,5,4800
Elny,2017-03-15 20:00,30.409664,59.928271,Свитера и кардиганы,Mango,4023127918050432,21,4500
Азбука вкуса,2021-01-28 21:25,30.314295,60.04879,Безалкогольные напитки,Ocean Spray,4627766121745900,13,190
Пятёрочка,2020-04-16 11:33,30.340828,59.936759,Продукты для спортсменов,BSN,4245420831381741,22,2800
Дон Телефон,2016-06-29 13:03,30.320953,59.927913,Компьютерные периферийные устройства,Gigabyte,5422553652049079,40,16000
Elny,2023-08-09 13:12,30.362365,59.933929,Перчатки и шарфы,Kate Spade,5422553652049079,5,12000
Автотрейд,2022-12-11 20:01,30.169871,59.815811,Автомобильные аптечки и аварийные наборы,Омега,5422553652049079,15,1300
Автотрейд,2014-03-10 23:16,30.382332,59.889032,Электрооборудование,Osram,5422553652049079,5,7000
Максидом,2021-09-09 10:43,30.386777,60.004162,Гипсокартон и комплектующие,Austrotherm,4245437052397826,5,420
Мастеровой,2016-10-14 14:04,30.314396,59.926407,Вентиляция и кондиционирование,Electrolux,4042739945730227,5,95000
Дизель спот,2014-02-27 19:07,30.468788,59.960016,Двигатели и компоненты,SKF,5401543500561442,5,85000
Barleone,2022-06-05 19:43,30.293232,59.959192,Одежда для особых случаев,Zuhair Murad,5401543500561442,26,340000
StoreDima,2024-05-15 09:34,30.32422,59.929012,Электронные книги,Onyx Boox,5401543500561442,37,15000
Лемана Про,2020-10-27 22:37,30.300415,60.004457,Садовые постройки,Suncast,5401543500561442,5,42000
Афоня,2019-01-04 23:04,30.349203,60.05041,Сантехника,Jacob Delafon,5401543500561442,26,17000
Афоня,2019-07-07 14:03,30.345783,60.093526,Герметики и монтажная пена,Makroflex,5123035569361258,5,320
VAG Club,2019-06-08 17:27,30.444139,60.000501,Автозвук и мультимедиа,Boss Audio,5123035569361258,20,10000
Eurospar,2019-01-23 09:22,30.34903,59.945452,Товары для выпечки,Dr. Oetker,5123035569361258,5,150
Porivay Suit,2016-07-16 09:41,30.356776,59.915184,Одежда для активного отдыха,Arc'teryx,5436207376256800,47,20000
Eurospar,2023-06-02 11:33,30.317453,59.977141,Молочные продукты,Valio,5468928660070241,23,95
Магнит,2013-12-18 09:57,30.270109,59.887799,Сладости и десерты,Godiva,5468928660070241,5,600
СтройХаус,2012-05-10 16:27,30.249159,59.987033,Кровельные материалы,Tegola,5486550611448228,49,2100
VAG Club,2019-04-14 15:17,30.444139,60.000501,Автомобильные аптечки и аварийные наборы,Омега,5486550611448228,5,1300
Азбука вкуса,2017-02-06 19:25,30.225444,59.942178,Бакалея,Mivina,5486550611448228,5,100
СтройХаус,2019-08-29 14:12,30.436413,59.946501,Садовый инвентарь,Einhell,5486550611448228,5,3600
VAG Club,2022-11-18 15:56,30.22647,59.996275,Автомобильные лампы и освещение,Sylvania,5486550611448228,31,1400
Мастеровой,2021-01-31 08:04,30.314396,59.926407,Мебель для ванной,Laufen,5419171705706557,18,28000
Пятёрочка,2019-08-06 03:37,30.367992,60.013444,Бакалея,Maggi,5419171705706557,32,170
VAG Club,2014-05-13 17:34,30.22647,59.996275,Автомобильные масла и жидкости,Mobil,5419171705706557,5,2700
Лента,2019-03-16 12:05,30.39892,59.798683,Рыба и морепродукты,Рыбный берег,5419171705706557,18,540
VAG Club,2018-08-15 08:17,30.444139,60.000501,Тормозные системы,Wilwood,4760367496563098,29,15500
Лемана Про,2018-06-12 12:40,30.160162,59.805373,Герметики и монтажная пена,Moment,4245422600446026,5,340
Babochka,2023-04-15 23:48,30.379816,59.925405,Джинсы и брюки,J.Crew,4245422600446026,6,7500
Автотрейд,2022-11-22 20:11,30.235785,59.992793,Тормозные системы,Brembo,4245422600446026,21,15000
М-Стерео,2015-05-22 11:37,30.367216,59.935317,Фото- и видеокамеры,Panasonic,4245422600446026,25,50000
Лента,2024-07-15 14:53,30.272381,60.074949,Хлеб и выпечка,Хлебозавод №12,4483444570808018,7,55
Авто Стори,2024-06-15 19:32,30.385865,59.892103,Системы охлаждения,Stant,4483444570808018,5,10000
Перекрёсток,2017-12-05 10:45,30.317538,59.974895,Супы и бульоны,365 Everyday Value,4483444570808018,37,150
Афоня,2020-08-02 10:35,30.324986,60.041133,Гипсокартон и комплектующие,Rigips,4483444570808018,37,400
Лента,2014-04-08 14:16,30.281714,59.89301,Сладости и десерты,Nestle,5199988773643147,5,300
Магнит,2020-03-24 10:02,30.367525,59.986762,Органические продукты,Bob's Red Mill,5199988773643147,5,180
Авто Стори,2023-04-06 09:29,30.47283,59.885293,Автозвук и мультимедиа,JBL,5199988773643147,5,16000
DreamWhite,2020-05-27 08:41,30.332892,59.792867,Купальники и пляжная одежда,Seafolly,5547070749124391,5,5200
Азбука вкуса,2016-06-20 13:11,30.314295,60.04879,Экологически чистые продукты,Alter Eco,4023113683692367,7,260
Авто Стори,2016-05-28 14:06,30.47283,59.885293,Электрооборудование,Pierburg,4023113683692367,5,11000
М-Стерео,2016-02-24 15:46,30.355453,59.938372,Батарейки и зарядные устройства,Tenergy,4023113683692367,15,400
Ситилинк,2015-11-02 10:37,30.318437,59.787778,Принтеры и сканеры,Toshiba,4023113683692367,22,26000
СтройХаус,2018-09-10 18:16,30.44978,60.036823,Системы безопасности,Securitas,4023113683692367,13,33000
Магнит,2018-10-11 11:56,30.315303,59.925888,Бакалея,Uncle Ben's,5159005011230039,12,220
Лента,2012-07-10 15:48,30.320981,59.80853,Замороженные продукты,Gardein,5159005011230039,18,550
ТехноНИКОЛЬ,2021-02-08 07:25,30.282577,60.073813,Сантехника,Hansgrohe,5159005011230039,5,18000
М.Видео,2012-12-01 08:55,30.37881,59.82784,Системы безопасности,Dahua,5159005011230039,5,24000
Barleone,2016-03-29 21:07,30.293232,59.959192,Головные уборы,Uniqlo,4245439813554092,26,1700
Дикси,2013-06-11 14:10,30.307193,59.957346,Здоровое питание,Just Natural,4245439813554092,30,250
DNS,2017-10-18 10:45,30.234808,59.949074,Дроны и робототехника,DJI,5484169954104920,31,120000
VAG Club,2014-04-06 16:11,30.22647,59.996275,Топливные системы,Hitachi,6768000960017200,82,11500
DreamWhite,2014-08-19 17:43,30.332892,59.792867,Спортивные костюмы,Mizuno,6768000960017200,25,8500
М.Видео,2015-11-14 10:07,30.50394,59.830831,3D-принтеры и аксессуары,LulzBot,6768000960017200,34,150000
Babochka,2017-02-20 21:54,30.329209,59.793891,Женская одежда,GAP,4279861896654135,5,3100
М-Стерео,2019-08-30 10:16,30.355453,59.938372,Ноутбуки,Microsoft,4279861896654135,5,90000
Магнит,2016-10-13 12:04,30.315303,59.925888,Консервы,Heinz,4188692566057662,28,130
DreamWhite,2015-05-24 13:56,30.370335,59.938003,Одежда для дома,Primark,5262803102620742,15,1200
Дизель спот,2022-02-28 12:59,30.235619,59.993021,Двигатели и компоненты,NTN,5262803102620742,48,75000
Дизель спот,2012-10-01 11:05,30.235619,59.993021,Тормозные системы,Power Stop,5262803102620742,5,11500
DreamWhite,2019-05-17 16:08,30.304204,59.960815,Домашняя одежда,Adidas,5262803102620742,5,2700
Максидом,2024-07-27 21:23,30.386777,60.004162,Садовая мебель,Higold,5262803102620742,18,50000
Babochka,2022-05-08 21:15,30.336152,59.802006,Футболки и майки,Fila,5458077340450545,6,2600
GATE31,2015-05-30 11:40,30.319385,59.930106,Джинсы и брюки,Calvin Klein,5458077340450545,8,7000
GATE31,2020-12-07 11:26,30.346968,59.918223,Одежда для активного отдыха,Outdoor Research,5458077340450545,31,14000
Азбука вкуса,2016-03-02 17:50,30.34879,59.94209,Масла и жиры,Маслозавод ЭФКО,4021773578442033,5,130
ТехноНИКОЛЬ,2020-03-02 14:35,30.433004,59.898045,Освещение,Lithonia Lighting,4021773578442033,5,1600
Porivay Suit,2025-01-28 18:30,30.356776,59.915184,Домашняя одежда,Puma,5443806939152469,23,2600
Авто Стори,2017-10-25 17:57,30.47283,59.885293,Подвеска и рулевое управление,Mevotech,5443806939152469,27,12500
Дизель спот,2014-12-29 23:04,30.444036,59.950531,Системы охлаждения,Valeo,5443806939152469,19,14000
Перекрёсток,2014-02-24 07:30,30.317538,59.974895,Орехи и сухофрукты,Greenfield,5443806939152469,5,510
Автотрейд,2013-04-13 16:36,30.382332,59.889032,Трансмиссии,ACDelco,5443806939152469,54,110000
GATE31,2019-01-25 15:36,30.319385,59.930106,Белье и ночные сорочки,Cosabella,5483879964538102,11,5000
Пятёрочка,2012-03-16 16:28,30.332196,59.984938,Продукты для спортсменов,Nutrex Research,5483879964538102,5,2500
GATE31,2019-08-15 22:30,30.309594,59.964426,Мужская одежда,Gucci,5488375797043108,48,20000
PisterGSM,2014-03-09 09:16,30.36603,59.932429,Аудиооборудование,JBL,5488375797043108,11,30000
М.Видео,2017-11-26 15:57,30.23089,59.938396,Системы безопасности,Swann,5488375797043108,5,18000
Дон Телефон,2013-02-15 16:59,30.321769,59.927084,Телефоны и оборудование для стационарной связи,Mitel,5488375797043108,12,8000
Петрович,2021-08-19 10:49,30.517181,59.888039,Фасадные материалы,Kingspan,5488375797043108,33,1600
Мастеровой,2017-08-26 16:08,30.314322,59.926366,Системы безопасности,Lorex,5469255193903172,5,31000
GATE31,2019-02-28 14:12,30.344614,59.930422,Часы и украшения,OPPO,5469255193903172,5,30000
Афоня,2016-11-20 11:08,30.507137,59.9086,Изоляционные материалы,Penoplex,5469255193903172,5,1000
Телемаркет24,2014-06-06 12:38,30.424798,60.048503,Кабели и адаптеры,Tripp Lite,4245427179799485,5,1700
СтройХаус,2015-06-05 18:17,30.482775,60.002994,Системы безопасности,Pelco,5458076087364818,15,37000
GATE31,2017-10-17 12:07,30.319385,59.930106,Одежда для дома,Primark,5458076087364818,8,1200
Авто Стори,2017-11-27 16:42,30.385865,59.892103,Автомобильные масла и жидкости,Petronas,5458076087364818,7,2600
restore,2018-01-06 19:11,30.306058,59.962236,Телевизоры,Element,5209549374039681,6,22000
Ашан,2012-06-03 21:28,30.341063,59.913898,Товары для выпечки,Betty Crocker,5209549374039681,30,120
GATE31,2024-10-26 19:13,30.309594,59.964426,Одежда для активного отдыха,La Sportiva,5209549374039681,34,16000
OBI,2019-12-25 10:21,30.147238,59.993572,Садовый декор,Garden Treasures,5209549374039681,5,15000
Автотрейд,2018-09-22 08:27,30.235785,59.992793,Автоинструменты и оборудование,Husky,4023127343260208,18,11000
VAG Club,2018-05-09 08:01,30.444139,60.000501,Автомобильные масла и жидкости,Petronas,4023127343260208,5,2600
РеалЪ,2021-03-08 08:39,30.281212,59.850169,Алкогольные напитки,Suntory,4023127343260208,5,2500
Телемаркет24,2016-11-11 12:22,30.369261,59.883602,Устройства виртуальной и дополненной реальности,Oculus,5123030453094502,54,35000
Сатурн,2024-02-08 08:15,30.392081,59.889243,Изоляционные материалы,Saint-Gobain,5123030453094502,5,1800
Дон Телефон,2012-08-08 16:35,30.320953,59.927913,Мелкая бытовая техника,Moulinex,5123030453094502,28,13000
DreamWhite,2018-07-10 13:08,30.370335,59.938003,Головные уборы,Under Armour,5123030453094502,22,2300
VAG Club,2019-08-18 09:51,30.444139,60.000501,Системы охлаждения,AISIN,5484306225877562,58,13500
Максидом,2021-01-07 12:01,30.386777,60.004162,Декоративные элементы,IKEA,5484306225877562,19,1500
М.Видео,2020-07-30 15:29,30.50394,59.830831,Принтеры и сканеры,Panasonic,5123030646029380,5,21000
Elny,2020-04-24 20:23,30.315904,59.926132,Перчатки и шарфы,Chanel,5123030646029380,5,28000
Дикси,2013-04-17 18:11,30.289031,59.905105,Соусы и приправы,French's,4406222126844513,5,130
Ситилинк,2017-08-26 14:01,30.3502,59.928002,Смартфоны и мобильные телефоны,Honor,4406222126844513,5,30000
Петрович,2020-07-24 20:52,30.507151,59.889037,Краски и лаки,Lakra,4406222126844513,5,1700
РеалЪ,2013-08-06 12:00,30.231025,59.84414,Сладости и десерты,Chupa Chups,4406222126844513,5,150
VAG Club,2012-06-17 14:51,30.444139,60.000501,Трансмиссии,ACDelco,5342459339152093,48,110000
ТехноНИКОЛЬ,2022-11-21 16:39,30.432281,59.897979,Вентиляция и кондиционирование,Kentatsu,5342459339152093,5,80000
GATE31,2021-12-31 22:48,30.345298,59.930685,Одежда для работы,Massimo Dutti,4023122150321674,5,9000
Ашан,2016-04-07 11:26,30.457308,59.778,Фрукты и овощи,Melissa's Produce,4023122150321674,31,300
Eurospar,2024-07-14 14:09,30.34903,59.945452,Рыба и морепродукты,Морской котик,4023122150321674,5,510
VAG Club,2021-04-16 09:10,30.22647,59.996275,Электрооборудование,Pierburg,4023122150321674,11,11000
Автотрейд,2019-06-26 15:01,30.382332,59.889032,Автомобильные аксессуары,K&N,5183368914871773,14,4000
Eurospar,2016-01-05 07:33,30.317453,59.977141,Замороженные продукты,Eggo,5183368914871773,31,250
Eurospar,2017-05-03 19:56,30.312662,60.052691,Детское питание,Heinz,5183368914871773,31,130
VAG Club,2018-01-02 10:05,30.444139,60.000501,Подвеска и рулевое управление,Lemforder,5183368914871773,15,14000
Афоня,2019-10-20 12:50,30.507137,59.9086,Отделочные материалы,KNAUF Insulation,5484984447571647,5,5500
Перекрёсток,2017-03-19 08:34,30.371049,59.882592,Экологически чистые продукты,Hipp,5484984447571647,5,250
Eurospar,2024-09-20 13:41,30.284023,59.944569,Супы и бульоны,Healthy Choice,5484984447571647,5,230
Максидом,2019-02-06 19:07,30.38423,60.002149,Системы отопления,Protherm,5262807738011579,5,85000
Мастеровой,2023-03-01 18:59,30.314396,59.926407,Системы безопасности,Avigilon,5262807738011579,17,46000
Ашан,2012-09-12 03:48,30.341063,59.913898,Масла и жиры,Кубанское Масло,5262807738011579,18,130
Мастеровой,2023-08-17 10:07,30.314322,59.926366,Системы безопасности,Panasonic,5262807738011579,5,38000
Porivay Suit,2022-07-24 13:15,30.356776,59.915184,Одежда больших размеров,Kiyonna,5262807738011579,5,5200
Автотрейд,2013-02-16 14:59,30.382569,59.889669,Автомобильные аптечки и аварийные наборы,Дорожная карта,4314173334742508,19,2400
Максидом,2018-11-23 20:02,30.386777,60.004162,Напольные покрытия,Balterio,4314173334742508,5,1750
Авто Стори,2024-06-21 15:44,30.47283,59.885293,Автомобильные аптечки и аварийные наборы,CarLife,6768035818030388,5,2700
Дикси,2021-04-21 16:13,30.33643,59.936924,Напитки,Lipton,6768035818030388,5,70
Сатурн,2021-01-20 10:21,30.355106,59.978333,Поливочные системы,Yard Butler,6768035818030388,5,9500
Авто Стори,2016-08-09 09:10,30.385865,59.892103,Тормозные системы,Wagner,6768035818030388,42,9500
Дикси,2012-03-11 10:13,30.312952,59.90159,Крупы и макароны,Паста Zara,6768035818030388,27,150
Максидом,2017-03-07 09:12,30.36521,59.811704,Напольные покрытия,IVC,5304455685015946,5,1700
Петрович,2015-12-16 18:01,30.165419,59.809854,Электрика,Feron,5304455685015946,8,2200
DreamWhite,2024-10-29 14:19,30.304204,59.960815,Джинсы и брюки,Ralph Lauren,5304455685015946,62,9500
Porivay Suit,2015-09-28 20:11,30.348972,59.914947,Свитера и кардиганы,Uniqlo,4274773820247566,5,3500
Телемаркет24,2023-12-20 16:30,30.438988,59.933292,Смартфоны и мобильные телефоны,Xiaomi,4274773820247566,54,30000
Porivay Suit,2014-07-13 23:29,30.348972,59.914947,Одежда для особых случаев,Oscar de la Renta,4274773820247566,28,310000
StoreDima,2021-04-28 16:15,30.32422,59.929012,Телевизоры,Element,4274773820247566,48,22000
Eurospar,2012-10-06 18:39,30.300629,59.96729,Безалкогольные напитки,Dr Pepper,4279013394866706,26,110
Автотрейд,2014-10-03 14:45,30.235785,59.992793,Автосигнализации и охранные системы,Steel Mate,4279013394866706,5,20000
Петрович,2013-09-02 09:10,30.343252,60.062117,Керамическая плитка,Ape Ceramica,4279013394866706,49,2000
Автотрейд,2022-12-29 23:48,30.382569,59.889669,Топливные системы,Magna,4279013394866706,5,9500
StoreDima,2017-01-31 16:05,30.32422,59.929012,Накопители данных,Corsair,4279013394866706,48,6500
Телемаркет24,2019-09-30 12:24,30.272169,60.002172,Сетевые сервисы и подписки,Atlassian,4279748498281434,21,7000
Авто Стори,2012-01-30 22:42,30.47283,59.885293,Автозвук и мультимедиа,Focal,5228288506113411,12,18000
OBI,2021-02-06 13:46,30.518781,59.894747,Изоляционные материалы,Isover,5228288506113411,31,1500
Дон Телефон,2015-11-16 13:07,30.321769,59.927084,Смартфоны и мобильные телефоны,Ulefone,5228288506113411,5,13000
Лемана Про,2014-10-25 10:25,30.347462,60.066702,Напольные покрытия,Kaindl,5228288506113411,5,1450
Лемана Про,2023-01-05 10:00,30.236354,60.038157,Сантехника,Kludi,5484121465887147,28,17000
OBI,2021-03-05 09:22,30.349319,59.871277,Декоративные элементы,Axton,4714872856654122,5,2900
StoreDima,2012-06-28 10:29,30.32422,59.929012,Кабели и адаптеры,Belkin,4714872856654122,5,2000
Лента,2019-05-05 12:12,30.334796,59.976801,Хлеб и выпечка,Каравай,4714872856654122,23,55
DNS,2014-07-18 19:52,30.254699,59.988516,Игровые консоли и аксессуары,SteelSeries,4714872856654122,5,12000
Лента,2018-09-15 14:12,30.377945,59.979602,Здоровое питание,Pulsin,4714872856654122,5,300
РеалЪ,2019-05-03 11:32,30.318833,59.906922,Органические продукты,Nature's Promise,4245435002980904,5,150
StoreDima,2019-03-21 10:14,30.32422,59.929012,Батарейки и зарядные устройства,Tenergy,4279373904109170,30,400
VAG Club,2022-12-31 15:34,30.22647,59.996275,Тормозные системы,StopTech,4279373904109170,16,14500
Автотрейд,2021-04-14 20:58,30.382569,59.889669,Автомобильные лампы и освещение,Lucas,4279373904109170,63,1400
Авто Стори,2016-02-01 12:12,30.47283,59.885293,Автоинструменты и оборудование,GearWrench,4279373904109170,6,13000
Перекрёсток,2018-03-26 02:20,30.219771,59.985776,Продукты для спортсменов,Dymatize,4279373904109170,5,2700
СтройХаус,2016-04-20 10:20,30.249159,59.987033,Напольные покрытия,Kronospan,5483871306286175,5,1400
PisterGSM,2024-11-29 11:39,30.36603,59.932429,Батарейки и зарядные устройства,Mophie,5483871306286175,5,650
DreamWhite,2014-12-30 11:56,30.332892,59.792867,Костюмы и пиджаки,Hugo Boss,5483871306286175,5,60000
СтройХаус,2023-04-01 09:35,30.436413,59.946501,Освещение,Feit Electric,4279746419922288,30,1000
PisterGSM,2022-07-22 14:31,30.36603,59.932429,Дроны и робототехника,Fat Shark,4279746419922288,68,45000
restore,2014-05-14 11:18,30.308129,59.963536,Электронные книги,InkBook,4279746419922288,5,5500
Авто Стори,2017-12-25 18:47,30.47283,59.885293,Шины и диски,Dunlop,4279746419922288,16,9500
Афоня,2020-12-12 15:53,30.387845,60.00248,Отделочные материалы,Tikkurila,4279746419922288,5,4800
PisterGSM,2018-09-02 12:09,30.36603,59.932429,Сетевые сервисы и подписки,Microsoft,5479664332277529,5,11000
Barleone,2015-03-26 16:53,30.293232,59.959192,Платья и юбки,Mango,5479664332277529,16,4500
VAG Club,2014-11-28 08:43,30.22647,59.996275,Электрооборудование,Denso,5479664332277529,25,14000
Ашан,2022-05-11 16:08,30.401603,59.899487,Продукты для диабетиков,Fiber Gourmet,4245429087688479,21,800
СтройХаус,2017-09-15 10:39,30.44978,60.036823,Отделочные материалы,Isover,4245429087688479,5,4900
Автотрейд,2016-11-10 16:51,30.169871,59.815811,Системы охлаждения,Motorcraft,4245429087688479,35,14000
Сатурн,2015-12-28 08:54,30.392081,59.889243,Лестницы и стремянки,Centaur,5257874288492816,30,8000
СтройХаус,2018-08-09 20:37,30.409452,60.075356,Краски и лаки,Sherwin-Williams,5257874288492816,15,2700
restore,2016-06-21 12:49,30.445639,59.980758,3D-принтеры и аксессуары,Ultimaker,5257874288492816,10,250000
VAG Club,2014-09-20 21:56,30.444139,60.000501,Топливные системы,Magneti Marelli,5257874288492816,22,9000
StoreDima,2021-10-03 14:38,30.32422,59.929012,Офисная техника,Fujitsu,5257874288492816,5,38000
VAG Club,2023-08-18 12:55,30.444139,60.000501,Топливные системы,Continental,5176475428362790,40,10500
Петрович,2022-09-24 22:13,30.214696,59.981562,Изоляционные материалы,Rockwool,5176475428362790,49,1600
DreamWhite,2024-06-09 15:05,30.332892,59.792867,Одежда для беременных,Isabella Oliver,5176475428362790,46,5000
СтройХаус,2023-04-10 13:54,30.436413,59.946501,Фасадные материалы,Saint-Gobain,5176475428362790,36,1550
Перекрёсток,2024-07-31 15:29,30.504177,59.834145,Сладости и десерты,Mondelez,5469460393986703,56,280
Перекрёсток,2020-10-29 03:25,30.22607,60.02195,Продукты для вегетарианцев,Follow Your Heart,5469460393986703,45,250
Дикси,2023-02-09 15:19,30.361594,59.939402,Соусы и приправы,Annie's,5469460393986703,68,130
Автотрейд,2020-10-24 14:53,30.382569,59.889669,Электрооборудование,VDO,5469460393986703,5,9500
СтройХаус,2014-06-24 10:54,30.372729,59.95475,Лестницы и стремянки,Hymer,4023111317209078,7,11000
Дизель спот,2020-06-03 13:22,30.444036,59.950531,Топливные системы,Holley,4023111317209078,37,12000
Сатурн,2015-12-19 11:42,30.367789,59.874853,Строительные материалы,Xella,4023111317209078,23,4000
Дикси,2014-07-26 16:23,30.210066,59.942991,Готовые блюда,Махеевъ,4023111317209078,5,130
Дон Телефон,2014-11-14 10:33,30.321769,59.927084,Накопители данных,PNY,4023111317209078,5,5000
Ситилинк,2023-01-16 13:13,30.318894,59.926417,Офисная техника,Ricoh,4405662865055433,18,33000
Максидом,2023-10-26 15:53,30.38423,60.002149,Напольные покрытия,Kaindl,4405662865055433,31,1450
DNS,2021-11-30 23:36,30.226092,60.037187,Телефоны и оборудование для стационарной связи,Panasonic,4405662865055433,32,7000
Elny,2024-09-29 18:48,30.273866,59.941915,Одежда для дома,Hollister,4405662865055433,5,2700
Elny,2012-01-15 15:32,30.14755,59.581967,Футболки и майки,Reebok,5484666389505655,13,2800
Максидом,2013-10-20 11:57,30.386777,60.004162,Поливочные системы,Claber,5484666389505655,22,10000
Пятёрочка,2019-10-10 17:53,30.290775,59.957928,Крупы и макароны,Ярмарка,5484666389505655,5,90
Петрович,2017-05-21 20:31,30.206649,59.85461,Садовая мебель,Higold,5484666389505655,5,50000
Дон Телефон,2023-07-05 13:07,30.320953,59.927913,Сетевые сервисы и подписки,Dropbox,5484666389505655,5,6000
OBI,2014-06-02 23:25,30.316835,59.824291,Поливочные системы,Aqua Systems,4658824062333589,5,12000
Афоня,2012-03-30 11:12,30.324665,59.855892,Сантехника,Blanco,4658824062333589,5,20000
Лемана Про,2017-01-13 18:37,30.398137,59.800127,Садовые постройки,Palram,4658824062333589,27,40000
Дон Телефон,2022-02-06 07:23,30.321769,59.927084,Дроны и робототехника,Syma,5411592819291492,5,15000
М-Стерео,2016-05-24 16:34,30.355453,59.938372,Кабели и адаптеры,Microsoft,5411592819291492,5,2200
Лента,2023-09-08 01:17,30.238926,60.029599,Фрукты и овощи,Driscoll's,5411592819291492,5,180
Porivay Suit,2017-12-16 09:35,30.356776,59.915184,Спортивная одежда,Under Armour,5411592819291492,39,7500
Дизель спот,2016-03-26 09:38,30.468788,59.960016,Подвеска и рулевое управление,Sachs,5411592819291492,95,13000
Автотрейд,2013-08-23 16:29,30.169871,59.815811,Автоинструменты и оборудование,Sunex,5583340346872593,23,8000
Авто Стори,2014-12-05 14:10,30.47283,59.885293,Шины и диски,Kumho,5583340346872593,14,7500
Лента,2024-12-06 20:32,30.315047,60.047125,Специи и пряности,Santa Maria,5583340346872593,12,200
StoreDima,2019-06-23 10:06,30.32422,59.929012,Фото- и видеокамеры,Blackmagic Design,5583340346872593,26,100000
Дон Телефон,2021-04-08 18:16,30.320953,59.927913,Аудиооборудование,Klipsch,5583340346872593,5,38000
Дизель спот,2019-07-11 15:04,30.235619,59.993021,Шины и диски,Avon,5479662616229060,5,9000
Porivay Suit,2017-03-13 09:35,30.348972,59.914947,Обувь,Asics,5479662616229060,5,7000
Ашан,2016-02-21 22:48,30.457308,59.778,Соусы и приправы,Pace,5479662616229060,28,140
Porivay Suit,2012-08-22 10:18,30.348972,59.914947,Одежда для дома,Sloggi,5479662616229060,33,1800
Магнит,2017-11-21 12:17,30.320118,59.889418,Товары для выпечки,Duncan Hines,5479662616229060,5,110
Автотрейд,2020-03-11 23:54,30.169871,59.815811,Автомобильные аптечки и аварийные наборы,АВТОЛЮКС,5493094003784218,25,3200
Авто Стори,2021-03-26 19:38,30.47283,59.885293,Шины и диски,Bridgestone,5493094003784218,5,11000
Автотрейд,2013-01-06 09:13,30.382332,59.889032,Автозвук и мультимедиа,Clarion,5493094003784218,34,12000
М.Видео,2018-12-09 15:39,30.511585,59.894069,Дроны и робототехника,Parrot,5493094003784218,5,60000
РеалЪ,2021-03-30 11:53,30.205626,59.855048,Продукты для спортсменов,Garden of Life,5493094003784218,16,3100
Ситилинк,2020-05-08 08:38,30.221821,60.038659,Игровые консоли и аксессуары,Thrustmaster,5123039301862748,42,16000
Дикси,2023-04-27 17:47,30.35584,59.923634,Детское питание,Happy Baby,5123039301862748,60,150
Barleone,2014-11-13 15:04,30.293232,59.959192,Женская одежда,H&M,5123039301862748,42,2500
OBI,2024-08-18 21:14,30.518781,59.894747,Керамическая плитка,Atlas Concorde,5176479247049614,5,2400
restore,2018-11-26 07:30,30.301078,60.005219,Устройства умного дома,Ecobee,5176479247049614,5,30000
Eurospar,2023-08-23 21:30,30.34903,59.945452,Напитки,Fanta,5176479247049614,5,80
OBI,2021-08-19 09:26,30.349319,59.871277,Керамическая плитка,Ape Ceramica,5228813509070514,5,2000
Ситилинк,2013-12-04 14:49,30.27645,59.945846,Аудиооборудование,KEF,5228813509070514,46,52000
М.Видео,2014-04-26 11:41,30.583023,59.740675,3D-принтеры и аксессуары,Raise3D,5228813509070514,5,300000
Barleone,2024-12-31 16:37,30.293232,59.959192,Купальники и пляжная одежда,Maaji,4061499630633261,5,5200
Porivay Suit,2016-12-28 09:34,30.348972,59.914947,Платья и юбки,H&M,4276652966185611,8,4000
Babochka,2012-09-07 12:14,30.373729,59.927942,Костюмы и пиджаки,Ermenegildo Zegna,4276652966185611,5,95000
Elny,2022-12-18 20:02,30.361476,59.932748,Домашняя одежда,Oysho,5483873985534479,5,2100
М-Стерео,2017-02-11 08:08,30.355453,59.938372,Телефоны и оборудование для стационарной связи,Grandstream,5483873985534479,5,7500
Авто Стори,2013-05-26 09:06,30.47283,59.885293,Подвеска и рулевое управление,Mevotech,4658824093337115,5,12500
Porivay Suit,2013-10-21 14:03,30.348972,59.914947,Джинсы и брюки,American Eagle,4658824093337115,39,5000
Пятёрочка,2016-09-24 14:12,30.292433,59.922247,Хлеб и выпечка,Хлебозавод №5,4658824093337115,5,60
restore,2018-12-04 15:31,30.301078,60.005219,Компьютерные периферийные устройства,Cooler Master,4658824093337115,5,14000
restore,2013-06-04 22:27,30.445639,59.980758,Батарейки и зарядные устройства,Tenergy,5157709777140849,21,400
restore,2022-02-02 12:16,30.515375,59.893985,Аудиооборудование,Sennheiser,5157709777140849,5,40000
Лента,2012-09-29 21:49,30.226131,59.984632,Консервы,Gourmet,5157709777140849,5,160
М.Видео,2020-08-31 21:44,30.272001,60.002106,Батарейки и зарядные устройства,Philips,5157709777140849,32,470
Дон Телефон,2020-03-06 17:12,30.320953,59.927913,Игровые консоли и аксессуары,ASTRO Gaming,5157709777140849,5,14000
Eurospar,2018-12-14 14:18,30.226486,59.986227,Молочные продукты,Ruzskoe Moloko,5458076133609024,23,75
Barleone,2020-12-19 10:15,30.293232,59.959192,Одежда для беременных,ASOS,5458076133609024,5,3500
Дон Телефон,2022-12-26 19:18,30.320953,59.927913,Мониторы,Dell,5458076133609024,5,35000
Porivay Suit,2014-11-25 13:15,30.356776,59.915184,Купальники и пляжная одежда,Vitamin A,5458076133609024,13,5400
restore,2022-02-01 17:30,30.446447,59.911725,Аксессуары для мобильных устройств,Samsung,5458076133609024,9,8000
РеалЪ,2018-12-30 13:10,30.380023,59.963715,Экологически чистые продукты,Dennree,4023125064395999,5,180
Ситилинк,2016-03-12 23:04,30.221821,60.038659,Накопители данных,LaCie,4023125064395999,7,7500
PisterGSM,2016-09-17 13:57,30.36603,59.932429,Фото- и видеокамеры,DJI,4023125064395999,17,70000
Пятёрочка,2013-04-02 15:11,30.292433,59.922247,Фрукты и овощи,Oppy,6768618852063467,18,330
Дикси,2019-04-11 21:22,30.302106,59.968176,Рыба и морепродукты,Краб,6768618852063467,5,700
М-Стерео,2022-01-18 12:22,30.355453,59.938372,3D-принтеры и аксессуары,Snapmaker,5209544602738178,5,100000
Авто Стори,2020-02-05 16:09,30.47283,59.885293,Автомобильные аптечки и аварийные наборы,Автостандарт,5209544602738178,19,2300
Babochka,2013-03-16 21:54,30.373729,59.927942,Домашняя одежда,Under Armour,5209544602738178,17,2900
DreamWhite,2018-08-01 09:42,30.304204,59.960815,Свитера и кардиганы,Mango,5209544602738178,5,4500
VAG Club,2017-03-19 20:09,30.22647,59.996275,Автомобильные аптечки и аварийные наборы,АВТОМАШ,5209544602738178,5,3000
Лемана Про,2017-02-21 23:38,30.446878,59.912914,Напольные покрытия,Swiss Krono,4023115773650519,17,1500
PisterGSM,2018-07-30 10:28,30.36603,59.932429,Устройства умного дома,Eufy,4023115773650519,34,25000
Лемана Про,2020-09-03 19:47,30.347658,60.066328,Системы отопления,Vaillant,4023115773650519,26,120000
GATE31,2024-05-12 16:38,30.354525,59.98708,Одежда для йоги,Athleta,4023115773650519,5,6500
Лемана Про,2012-02-08 17:00,30.236232,60.038227,Садовая техника,Stihl,4023115773650519,19,65000
Дизель спот,2016-03-31 20:56,30.235619,59.993021,Автомобильные лампы и освещение,Osram,6764216824862862,15,1400
VAG Club,2012-11-01 18:49,30.22647,59.996275,Автозвук и мультимедиа,Boss Audio,6764216824862862,5,10000
Петрович,2019-09-18 14:15,30.343252,60.062117,Сантехника,Roca,6764216824862862,23,15000
ТехноНИКОЛЬ,2018-04-06 17:13,30.432281,59.897979,Гипсокартон и комплектующие,Danogips,6764216824862862,5,410
Ситилинк,2020-07-30 11:54,30.487587,59.951173,Планшеты,Amazon,4023121781881852,35,25000
Ашан,2018-06-23 20:09,30.350265,59.868921,Замороженные продукты,Talenti,4478181027157696,33,650
Elny,2024-06-12 21:56,30.359647,59.947369,Эко-одежда,Prana,5189017389959398,14,9000
Пятёрочка,2025-04-03 21:27,30.353782,59.911451,Органические продукты,Annie's Homegrown,5189017389959398,7,170
PisterGSM,2016-08-02 22:35,30.36603,59.932429,Телефоны и оборудование для стационарной связи,AT&T,5189017389959398,5,5500
StoreDima,2023-05-11 09:32,30.32422,59.929012,Кабели и адаптеры,HP,5479666313560629,8,1800
Перекрёсток,2014-12-17 15:45,30.276874,59.851407,Фрукты и овощи,Sunkist Growers,5479666313560629,5,340
Телемаркет24,2024-01-08 17:52,30.377959,59.830567,Программное обеспечение,Kaspersky,5479666313560629,5,60000
Лемана Про,2012-09-16 19:32,30.160162,59.805373,Лестницы и стремянки,KRAUSE,4245440917511941,5,12000
Babochka,2016-05-05 16:09,30.373729,59.927942,Одежда для беременных,Ingrid & Isabel,4245440917511941,5,4200
DreamWhite,2019-02-26 10:35,30.370335,59.938003,Костюмы и пиджаки,Zara,4245440917511941,41,15000
Перекрёсток,2012-05-27 10:15,30.298588,60.028986,Чай и кофе,Ahmad Tea,4245440917511941,47,160
Barleone,2014-12-07 18:40,30.293232,59.959192,Одежда больших размеров,Penningtons,5140824066206770,6,4000
Дон Телефон,2021-01-23 10:18,30.320953,59.927913,Смартфоны и мобильные телефоны,Realme,5140824066206770,5,22000
Дикси,2021-06-25 10:47,30.297314,59.95505,Здоровое питание,Biona,4279818166164433,5,400
GATE31,2024-08-10 18:35,30.344614,59.930422,Спортивные костюмы,Everlast,4279818166164433,13,6500
Автотрейд,2014-11-07 15:11,30.169871,59.815811,Топливные системы,SMP,4279818166164433,5,10000
DNS,2015-02-16 20:00,30.47365,59.950769,Накопители данных,Kingston,5583916562739702,7,5500
Лента,2020-11-17 18:59,30.238926,60.029599,Сладости и десерты,Ferrero,5583916562739702,5,450
Porivay Suit,2025-01-06 12:55,30.356776,59.915184,Одежда для активного отдыха,Kuhl,5583916562739702,14,11000
Babochka,2023-09-15 18:30,30.300985,60.004935,Перчатки и шарфы,Coach,5583916562739702,17,13000
Дон Телефон,2018-03-17 15:53,30.320953,59.927913,Программное обеспечение,SAP,5536917250982441,28,250000
Петрович,2017-01-29 23:10,30.354297,60.075893,Сантехника,Teka,5536917250982441,5,16000
Лента,2021-06-03 10:34,30.272381,60.074949,Товары для выпечки,Fleischmann's,5536917250982441,47,135
Афоня,2022-11-04 11:28,30.227397,60.005423,Герметики и монтажная пена,Soudatherm,5536917250982441,5,360
Лента,2013-12-05 21:36,30.226131,59.984632,Супы и бульоны,Bear Creek,4023119332075883,39,210
restore,2012-12-30 10:07,30.308129,59.963536,Системы безопасности,Honeywell,4023119332075883,5,32000
DreamWhite,2018-01-13 19:03,30.370335,59.938003,Перчатки и шарфы,Burberry,4023119332075883,5,20000
Автотрейд,2023-04-10 09:56,30.235785,59.992793,Электрооборудование,Bremi,5104798651237202,5,9500
Автотрейд,2024-02-24 10:10,30.169871,59.815811,Электрооборудование,Denso,5104798651237202,52,14000
Лемана Про,2014-09-28 13:58,30.244619,59.954959,Системы канализации,Aquatherm,5104798651237202,5,15000
DreamWhite,2013-07-29 21:39,30.332892,59.792867,Спортивные костюмы,Nike,4279889057098220,5,10000
Мастеровой,2020-03-18 19:18,30.314322,59.926366,Системы безопасности,Dahua,4279889057098220,58,28000
Дон Телефон,2022-11-02 18:58,30.320953,59.927913,Фото- и видеокамеры,Casio,4279889057098220,21,20000
VAG Club,2017-10-23 17:50,30.22647,59.996275,Автомобильные лампы и освещение,Jahn,5469205312126126,12,1200
Лемана Про,2022-11-01 12:05,30.09623,59.851937,Системы водоснабжения,Comisa,4245446057073035,18,14000
Сатурн,2023-05-08 21:07,30.128095,59.995286,Освещение,Acuity Brands,4245447099048712,43,2100
Пятёрочка,2022-11-17 11:43,30.313857,59.878968,Детское питание,Nestlé,4245447099048712,5,150
Телемаркет24,2022-05-18 14:32,30.377959,59.830567,Телевизоры,Sharp,4245447099048712,25,34000
Мастеровой,2021-06-13 09:03,30.314396,59.926407,Системы отопления,Kiturami,4245447099048712,5,85000
Пятёрочка,2024-04-28 11:13,30.272288,59.942282,Экологически чистые продукты,Dennree,4627798013554299,5,180
VAG Club,2016-06-27 14:30,30.444139,60.000501,Автоинструменты и оборудование,Lisle,4627798013554299,39,7000
РеалЪ,2021-09-27 08:44,30.366309,60.029437,Товары для выпечки,Martha White,4627798013554299,5,105
Афоня,2013-06-11 22:01,30.257194,59.952773,Системы канализации,Aquatherm,4627798013554299,31,15000
StoreDima,2012-05-27 16:30,30.32422,59.929012,Автоэлектроника,Infinity,5484668563934944,5,16000
Пятёрочка,2022-09-17 01:07,30.297457,59.920446,Замороженные продукты,Haagen-Dazs,4406223540520983,5,750
Азбука вкуса,2019-02-15 18:58,30.34879,59.94209,Молочные продукты,Prostokvashino,5479596397813768,30,75
Лента,2019-07-23 12:08,30.083939,59.724489,Товары для выпечки,Hodgson Mill,5479596397813768,24,125
Петрович,2014-07-11 21:54,30.507151,59.889037,Садовая техника,Echo,5479596397813768,5,60000
GATE31,2022-05-02 09:33,30.344614,59.930422,Одежда для дома,Victoria's Secret,5479596397813768,5,4500
Авто Стори,2017-05-16 20:18,30.47283,59.885293,Автомобильные аптечки и аварийные наборы,АВТОСПАС,5479596397813768,5,2000
Азбука вкуса,2021-12-22 18:49,30.34879,59.94209,Чай и кофе,Lipton,5536911519831918,33,150
Максидом,2020-07-30 16:09,30.386777,60.004162,Краски и лаки,Tikurilla,5536911519831918,5,2500
GATE31,2019-09-11 12:39,30.319385,59.930106,Женская одежда,Forever 21,5536911519831918,5,2200
СтройХаус,2023-02-15 11:30,30.409452,60.075356,Декоративные элементы,Command,5536911519831918,5,2000
restore,2014-11-08 09:16,30.306058,59.962236,Настольные компьютеры,CyberPowerPC,4226080467098697,6,100000
Barleone,2012-03-13 09:28,30.293232,59.959192,Домашняя одежда,Puma,4226080467098697,5,2600
GATE31,2018-09-02 23:01,30.309594,59.964426,Спортивная одежда,Everlast,5189028782723564,15,5000
Elny,2016-08-15 15:18,30.14755,59.581967,Домашняя одежда,Victoria's Secret,5189028782723564,5,4500
Лента,2024-12-31 15:02,30.362929,59.831652,Органические продукты,Dr. Bronner's,5189028782723564,5,170
Афоня,2018-08-04 19:26,30.242707,59.852365,Вентиляция и кондиционирование,Midea,5189028782723564,5,88000
Авто Стори,2018-05-05 15:44,30.47283,59.885293,Автоинструменты и оборудование,Ingersoll Rand,5189028782723564,20,19000
OBI,2012-07-03 14:55,30.146803,59.993579,Герметики и монтажная пена,Quilosa,5469072117717623,5,310
OBI,2017-05-21 11:53,30.382358,60.089826,Садовая мебель,4 Seasons Outdoor,5469072117717623,16,60000
Пятёрочка,2017-06-07 13:03,30.243763,59.930595,Бакалея,Hercules,5469072117717623,5,120
Перекрёсток,2021-09-17 23:59,30.271738,59.900631,Экологически чистые продукты,Dr. Hauschka,5469072117717623,5,320
Elny,2021-08-13 10:03,30.315904,59.926132,Женская одежда,Mango,5123031818314929,27,3500
Телемаркет24,2012-01-17 18:31,30.210541,59.862431,Батарейки и зарядные устройства,Xiaomi,5123031818314929,32,450
ТехноНИКОЛЬ,2016-11-26 16:55,30.282577,60.073813,Поливочные системы,Nelson,5123031818314929,5,9000
Дизель спот,2024-02-22 13:01,30.444036,59.950531,Двигатели и компоненты,BorgWarner,5123031818314929,9,140000
Дизель спот,2013-02-17 17:58,30.468788,59.960016,Автомобильные масла и жидкости,Pennzoil,5484557685101116,25,2500
DreamWhite,2013-02-15 19:49,30.332892,59.792867,Домашняя одежда,Zara,4279681473794992,33,2500
М.Видео,2020-08-05 19:28,30.248668,59.859074,Накопители данных,G-Technology,4245445859558924,5,7500
Дизель спот,2013-03-24 22:07,30.468788,59.960016,Автосигнализации и охранные системы,Steel Mate,4245445859558924,6,20000
VAG Club,2021-10-08 14:34,30.444139,60.000501,Автоинструменты и оборудование,DeWalt,4245445859558924,5,16000
РеалЪ,2014-03-05 14:56,30.323975,59.938986,Готовые блюда,Сытоедов,4245445859558924,5,230
GATE31,2013-11-15 09:38,30.344614,59.930422,Головные уборы,Tommy Hilfiger,4289062463651056,16,3200
Автотрейд,2024-08-02 16:50,30.382569,59.889669,Топливные системы,Holley,4289062463651056,20,12000
Пятёрочка,2023-07-18 20:58,30.367478,59.926185,Безалкогольные напитки,Pepsi,4289062463651056,20,100
OBI,2016-12-23 11:41,30.518781,59.894747,Системы водоснабжения,Henco,4289062463651056,28,15000
Максидом,2022-03-29 16:49,30.267628,59.95185,Строительные материалы,USG,4245423960778951,5,3400
РеалЪ,2016-11-11 06:35,30.355607,59.94412,Диетические продукты,Vital Proteins,4245423960778951,5,2200
DreamWhite,2024-05-03 20:25,30.332892,59.792867,Одежда для йоги,Manduka,6768962532767095,5,4500
РеалЪ,2022-09-11 01:31,30.434275,59.943566,Мясо и птица,Мясная лавка,6768962532767095,6,480
Дизель спот,2022-01-13 19:13,30.468788,59.960016,Системы охлаждения,CSF Radiators,6768962532767095,18,12000
Авто Стори,2017-01-31 21:06,30.47283,59.885293,Системы охлаждения,Mishimoto,6768962532767095,5,16000
Авто Стори,2020-02-08 16:30,30.385865,59.892103,Топливные системы,Beck/Arnley,6768962532767095,50,9000
Дон Телефон,2017-09-21 19:53,30.321769,59.927084,Ноутбуки,Chuwi,4276811052802167,5,40000
Сатурн,2024-05-26 14:50,30.370351,59.927948,Лестницы и стремянки,Krause,4276811052802167,36,12000
Сатурн,2014-05-08 17:30,30.418535,59.927553,Системы отопления,Fondital,4276811052802167,40,90000
VAG Club,2019-03-21 13:20,30.22647,59.996275,Электрооборудование,Lucas,6768039288085637,30,8500
РеалЪ,2019-09-12 05:24,30.205626,59.855048,Органические продукты,Earth's Best,6768039288085637,49,140
Сатурн,2019-08-30 19:23,30.478427,59.858923,Садовая техника,John Deere,6768039288085637,22,80000
ТехноНИКОЛЬ,2016-08-01 11:17,30.282577,60.073813,Садовые постройки,Shire,6768039288085637,5,38000
Ашан,2019-11-14 13:54,30.389656,60.053224,Экологически чистые продукты,Ecover,6768039288085637,5,280
Barleone,2021-10-28 11:57,30.293232,59.959192,Спортивная одежда,Under Armour,5543860143523029,5,7500
Максидом,2023-06-27 15:06,30.267628,59.95185,Вентиляция и кондиционирование,Cooper&Hunter,5543860143523029,5,92000
GATE31,2024-10-08 11:25,30.345298,59.930685,Эко-одежда,Veja,5543860143523029,19,12000
Лента,2013-07-31 16:24,30.468139,59.85992,Супы и бульоны,Swanson,4130479365433982,25,190
VAG Club,2012-04-08 22:44,30.22647,59.996275,Электрооборудование,Delphi,4023126826945049,5,11000
Лента,2021-11-24 19:44,30.377945,59.979602,Детское питание,Milupa,4023126826945049,5,160
Babochka,2012-02-29 15:05,30.329989,59.935103,Джинсы и брюки,Dockers,4274163935478389,6,6000
Автотрейд,2020-08-22 22:03,30.169871,59.815811,Автомобильные лампы и освещение,Nighteye,4274163935478389,5,1600
Дон Телефон,2015-11-02 15:29,30.320953,59.927913,Батарейки и зарядные устройства,HyperJuice,5101264085795933,26,620
Лента,2025-03-11 19:26,30.083939,59.724489,Хлеб и выпечка,Каравай Кубани,5101264085795933,34,55
Автотрейд,2013-05-07 09:14,30.235785,59.992793,Подвеска и рулевое управление,Corteco,5101264085795933,5,10000
Телемаркет24,2014-01-03 23:31,30.424798,60.048503,Электронные книги,Kobo,5101264085795933,5,9000
DreamWhite,2014-11-14 20:52,30.359178,59.938404,Одежда для беременных,Ingrid & Isabel,5101264085795933,5,4200
Дикси,2018-04-18 19:47,30.306834,59.970594,Молочные продукты,Tema,4023117139356051,5,70
DreamWhite,2016-11-27 11:31,30.359178,59.938404,Спортивные костюмы,Champion,4023117139356051,5,7000
DNS,2024-01-25 10:50,30.335569,59.922337,3D-принтеры и аксессуары,Monoprice,4276670010673683,53,25000
Телемаркет24,2015-07-10 09:55,30.377959,59.830567,Смартфоны и мобильные телефоны,Nothing,4670581420642244,28,37000
М.Видео,2012-02-18 17:37,30.206292,59.990749,Игровые консоли и аксессуары,Razer,4670581420642244,75,15000
Ашан,2019-03-27 18:21,30.350265,59.868921,Орехи и сухофрукты,Fit Parad,4670581420642244,5,490
Афоня,2024-05-20 09:50,30.465252,59.880264,Электрика,Eaton,4670581420642244,9,4800
VAG Club,2023-12-01 18:38,30.22647,59.996275,Трансмиссии,Magna,4670581420642244,5,125000
Афоня,2018-02-27 15:46,30.507137,59.9086,Отделочные материалы,Gyproc,4023122354879674,5,4800
Лемана Про,2022-03-07 13:36,30.390059,60.055245,Фасадные материалы,Sto,4023122354879674,5,1450
РеалЪ,2020-05-08 09:17,30.395134,59.739688,Рыба и морепродукты,Морская звезда,4023122354879674,5,610
Максидом,2021-08-10 13:08,30.38423,60.002149,Крепеж и метизы,Sormat,4274757700950400,21,3300
Porivay Suit,2018-01-20 16:49,30.348972,59.914947,Спортивные костюмы,Nike,4274757700950400,5,10000
StoreDima,2018-09-18 15:38,30.32422,59.929012,Программируемые устройства,Arduino,4893480451813179,7,3000
Азбука вкуса,2024-01-21 14:55,30.14606,59.994265,Фрукты и овощи,Rainier Fruit,4893480451813179,6,320
VAG Club,2016-01-07 20:52,30.444139,60.000501,Автомобильные аптечки и аварийные наборы,Автокомплект,4893480451813179,5,2500
Porivay Suit,2012-08-02 12:16,30.348972,59.914947,Домашняя одежда,Under Armour,4893480451813179,12,2900
Авто Стори,2023-12-14 20:41,30.385865,59.892103,Автосигнализации и охранные системы,Meta System,4893480451813179,5,27000
Barleone,2014-03-30 11:41,30.293232,59.959192,Одежда для работы,Tommy Hilfiger,5176477421663064,16,11000
Elny,2023-10-24 13:00,30.379255,59.826746,Костюмы и пиджаки,Paul Smith,5176477421663064,11,50000
Babochka,2016-04-25 15:13,30.329209,59.793891,Детская одежда,Puma,5176477421663064,19,3200
Elny,2017-11-08 15:44,30.378002,59.83122,Верхняя одежда,Levi's,5176477421663064,22,16000
Porivay Suit,2013-05-28 08:11,30.356776,59.915184,Эко-одежда,Everlane,4276013229498917,30,11000
Сатурн,2019-06-25 16:04,30.334153,59.946841,Системы безопасности,FLIR Systems,4288047384768509,7,50000
Ашан,2020-07-20 18:41,30.389656,60.053224,Хлеб и выпечка,Старооскольский хлеб,4245445143922841,23,65
Автотрейд,2016-08-15 10:22,30.382332,59.889032,Топливные системы,Mahle,4245448906569097,26,9500
СтройХаус,2013-05-10 17:49,30.44978,60.036823,Краски и лаки,Dulux,4245425744669903,32,2200
Перекрёсток,2015-02-22 20:45,30.360907,59.926745,Орехи и сухофрукты,Азбука Вкуса,4245425744669903,12,550
VAG Club,2020-12-12 23:26,30.22647,59.996275,Тормозные системы,Brembo,4245425744669903,43,15000
GATE31,2024-03-12 21:04,30.345298,59.930685,Белье и ночные сорочки,Intimissimi,4245425744669903,12,3000
DNS,2012-04-24 10:41,30.265557,59.879634,Настольные компьютеры,Lenovo,6768619515676574,12,80000
Авто Стори,2019-01-05 21:07,30.47283,59.885293,Двигатели и компоненты,TRW,5484383154115139,5,85000
Elny,2015-06-05 12:13,30.361476,59.932748,Одежда для беременных,Motherhood Maternity,5484383154115139,11,4000
VAG Club,2020-09-17 07:06,30.444139,60.000501,Автозвук и мультимедиа,Audison,5484383154115139,5,19000
Телемаркет24,2014-03-19 20:58,30.272169,60.002172,Фото- и видеокамеры,Insta360,5484383154115139,9,35000
Лента,2018-03-11 15:42,30.093751,59.851775,Супы и бульоны,365 Everyday Value,5484383154115139,37,150
StoreDima,2017-02-26 15:17,30.32422,59.929012,Настольные компьютеры,Falcon Northwest,5268232301103088,22,140000
VAG Club,2016-09-11 20:37,30.444139,60.000501,Автомобильные аксессуары,Hella,5268232301103088,16,3500
Дон Телефон,2024-06-03 18:50,30.321769,59.927084,Принтеры и сканеры,Primera,6768933447565419,5,23000
Автотрейд,2023-02-22 15:34,30.382332,59.889032,Тормозные системы,Centric,6768933447565419,8,11000
Ситилинк,2016-02-24 13:18,30.346139,59.984652,Фото- и видеокамеры,Pentax,6768933447565419,5,40000
Elny,2017-12-24 11:40,30.268161,59.849699,Женская одежда,Free People,6768933447565419,9,4200
Азбука вкуса,2023-07-13 15:26,30.34879,59.94209,Хлеб и выпечка,Семейный хлеб,5268236570433572,5,60
restore,2024-11-26 13:27,30.446447,59.911725,Дроны и робототехника,Sky Viper,5268236570433572,9,12000
Афоня,2024-07-17 13:11,30.387845,60.00248,Садовый инвентарь,DeWalt,5268236570433572,44,5800
Лемана Про,2018-10-05 18:56,30.273169,60.073772,Сантехника,Grohe,4023112998950542,5,20000
М-Стерео,2017-09-02 20:54,30.367216,59.935317,Ноутбуки,Lenovo,4023112998950542,29,60000
Азбука вкуса,2017-08-13 23:47,30.359189,59.931679,Экологически чистые продукты,Alter Eco,4023112998950542,10,260
Eurospar,2015-11-09 18:10,30.334406,59.935163,Чай и кофе,Paulig,4023112998950542,5,260
Пятёрочка,2021-01-07 14:12,30.305995,59.959287,Замороженные продукты,Lean Cuisine,5176477871883810,5,350
Петрович,2015-08-16 20:56,30.636334,60.032571,Фасадные материалы,Technonicol,5176471421162803,28,1450
Лемана Про,2016-12-16 22:10,30.236232,60.038227,Системы отопления,Navien,5176471421162803,5,95000
Ситилинк,2021-11-03 18:54,29.77502,59.907448,Сетевые сервисы и подписки,Slack,5176471421162803,42,6000
DNS,2019-12-17 16:51,30.254699,59.988516,Кабели и адаптеры,Lenovo,5176471421162803,5,1700
Ситилинк,2023-11-07 18:37,30.318437,59.787778,Принтеры и сканеры,Lexmark,5278837466251984,5,26000
Elny,2019-04-28 22:52,30.14755,59.581967,Свитера и кардиганы,Superdry,5278837466251984,12,6000
Babochka,2019-09-02 17:22,30.336152,59.802006,Эко-одежда,Girlfriend Collective,5278837466251984,61,10000
Elny,2024-10-27 23:44,30.361476,59.932748,Одежда больших размеров,Simply Be,5278837466251984,5,4300
Дизель спот,2012-05-22 18:24,30.444036,59.950531,Автомобильные аптечки и аварийные наборы,Автопрофи,5278837466251984,5,2100
Магнит,2022-07-16 18:00,30.225342,59.949801,Масла и жиры,Благо,5188169133019252,5,135
Азбука вкуса,2017-01-28 10:00,30.14606,59.994265,Алкогольные напитки,Campari,6762801574969501,5,1500
Авто Стори,2012-05-22 15:16,30.385865,59.892103,Трансмиссии,Schaeffler,6762801574969501,66,130000
Телемаркет24,2015-08-22 14:30,30.210541,59.862431,Кабели и адаптеры,StarTech,6762801574969501,6,1600
СтройХаус,2014-11-08 20:12,30.249159,59.987033,Поливочные системы,Melnor,6762801574969501,33,9500
Авто Стори,2014-09-11 11:35,30.47283,59.885293,Автоинструменты и оборудование,Matco Tools,5488377427626472,45,18000
VAG Club,2023-07-16 22:10,30.444139,60.000501,Автозвук и мультимедиа,Cerwin-Vega,5488377427626472,5,11000
Babochka,2012-04-30 14:28,30.342662,59.945058,Перчатки и шарфы,Michael Kors,5488377427626472,5,16000
Автотрейд,2019-12-20 16:52,30.169871,59.815811,Системы охлаждения,Gates,4023112096663735,5,11000
Телемаркет24,2019-03-17 20:59,30.355724,59.922592,3D-принтеры и аксессуары,Geeetech,4023112096663735,5,30000
Ситилинк,2021-01-21 09:17,30.204986,59.986117,Программируемые устройства,Texas Instruments,4272306090445961,16,4200
Авто Стори,2016-07-20 09:49,30.47283,59.885293,Автозвук и мультимедиа,Clarion,4023111671473271,45,12000
Дон Телефон,2021-05-02 19:58,30.321769,59.927084,Системы безопасности,Tyco,4023111671473271,5,27000
Автотрейд,2017-02-15 13:38,30.382569,59.889669,Автоинструменты и оборудование,Proto,4023111671473271,5,15000
Elny,2016-08-24 19:34,30.412877,59.944877,Женская одежда,Uniqlo,4023111671473271,5,2700
Сатурн,2012-08-22 09:40,30.418535,59.927553,Садовые постройки,Duramax,5268232605051314,11,46000
Eurospar,2019-02-27 19:48,30.300629,59.96729,Продукты для диабетиков,Glucerna,5123035675847771,47,800
Elny,2014-05-27 20:24,30.275569,59.852219,Спортивная одежда,Hoka One One,5123035675847771,17,7200
ТехноНИКОЛЬ,2018-05-24 18:25,30.432281,59.897979,Герметики и монтажная пена,Bostik,5123035675847771,19,360
VAG Club,2024-08-03 21:13,30.444139,60.000501,Автозвук и мультимедиа,Kicker,5123035675847771,35,14000
Ашан,2020-11-15 12:41,30.513685,59.894625,Хлеб и выпечка,Семейный хлеб,5123035675847771,5,60
Дизель спот,2020-07-11 16:36,30.444036,59.950531,Автомобильные лампы и освещение,Jahn,5452249491072983,7,1200
Ашан,2024-08-09 23:09,30.514683,59.893525,Экологически чистые продукты,Pukka,5452249491072983,12,220
GATE31,2022-12-21 20:49,30.309594,59.964426,Одежда для дома,Etam,5452249491072983,5,2800
Elny,2016-10-10 14:24,30.273866,59.941915,Одежда для активного отдыха,Prana,4245439344274337,5,10000
Лента,2024-05-17 04:54,30.34481,60.036093,Специи и пряности,Catch,4245439344274337,5,115
restore,2019-09-01 15:46,30.445639,59.980758,Телефоны и оборудование для стационарной связи,Yealink,4245439344274337,5,8000
Мастеровой,2021-11-27 13:28,30.361738,59.943736,Системы водоснабжения,Rehau,5411590683954655,5,20000
GATE31,2024-12-11 15:04,30.360159,59.943736,Платья и юбки,Sinsay,5411590683954655,43,2500
Ситилинк,2019-10-18 12:40,30.3502,59.928002,Компьютерные периферийные устройства,Turtle Beach,5411590683954655,5,14000
ТехноНИКОЛЬ,2021-06-12 20:48,30.432281,59.897979,Напольные покрытия,Amtico,5411590683954655,5,2200
Мастеровой,2013-04-12 10:55,30.314322,59.926366,Садовая техника,Karcher,4023127932045772,20,45000
Дон Телефон,2012-02-24 10:32,30.321769,59.927084,Системы безопасности,Swann,4023127932045772,5,18000
Porivay Suit,2017-01-11 18:56,30.356776,59.915184,Одежда для дома,Hollister,4274225931718642,5,2700
VAG Club,2024-04-18 10:49,30.22647,59.996275,Автомобильные масла и жидкости,Valvoline,5469500388738568,32,2300
Афоня,2020-07-20 14:39,30.315086,59.855442,Садовые постройки,Treetop Products,5176475347964975,30,41000
Babochka,2018-04-19 14:23,29.872112,60.171461,Женская одежда,Forever 21,4658824887765932,5,2200
Пятёрочка,2020-11-28 20:40,30.290775,59.957928,Снеки и чипсы,Herr's,4658824887765932,11,140
VAG Club,2023-05-16 16:05,30.444139,60.000501,Автомобильные аксессуары,Goodyear,4245442032574508,5,3000
Babochka,2022-07-20 12:42,30.379816,59.925405,Белье и ночные сорочки,Calvin Klein,4245442032574508,8,4000
Дизель спот,2020-06-10 15:11,30.235619,59.993021,Трансмиссии,Schaeffler,5252450168426330,38,130000
Ашан,2018-05-05 10:55,30.25689,59.990167,Сладости и десерты,Lindt,5252450168426330,32,500
Дизель спот,2023-11-02 23:13,30.444036,59.950531,Автомобильные аптечки и аварийные наборы,АВТОМАШ,5252450168426330,5,3000
StoreDima,2024-05-27 10:48,30.32422,59.929012,Сетевые сервисы и подписки,Atlassian,5252450168426330,5,7000
Ашан,2015-08-07 14:18,30.400781,59.899965,Напитки,San Pellegrino,5488423506833140,17,120
StoreDima,2021-03-18 20:05,30.32422,59.929012,Офисная техника,ASUS,5488423506833140,5,32000
Ашан,2013-10-02 18:46,30.457308,59.778,Фрукты и овощи,Rainier Fruit,5488423506833140,23,320
Перекрёсток,2019-07-21 17:48,30.360907,59.926745,Диетические продукты,Herbalife,5488423506833140,5,1500
Азбука вкуса,2016-03-19 06:25,30.225444,59.942178,Сладости и десерты,Lindt,5488423506833140,20,500
Автотрейд,2023-06-22 11:05,30.382569,59.889669,Автомобильные аксессуары,Yakima,4276573481186620,13,14000
Porivay Suit,2021-10-10 15:47,30.356776,59.915184,Одежда для сна,Lunya,4276573481186620,5,6000
Автотрейд,2022-10-25 09:59,30.382569,59.889669,Подвеска и рулевое управление,Proforged,4276573481186620,5,13500
Авто Стори,2012-01-31 22:32,30.47283,59.885293,Автомобильные аптечки и аварийные наборы,Пилот,4276573481186620,14,1800
РеалЪ,2020-02-01 20:41,30.414817,60.01616,Бакалея,Uncle Ben's,4276573481186620,29,220
Дизель спот,2019-08-26 14:30,30.235619,59.993021,Системы охлаждения,Stant,4274660874289742,5,10000
Eurospar,2022-08-22 20:15,30.334406,59.935163,Готовые блюда,Магги,4274660874289742,5,150
Eurospar,2021-11-27 10:34,30.34903,59.945452,Сладости и десерты,M&M's,4274660874289742,5,300
OBI,2020-09-26 12:11,30.147238,59.993572,Вентиляция и кондиционирование,General Climate,4274660874289742,46,70000
Porivay Suit,2012-09-26 17:28,30.348972,59.914947,Белье и ночные сорочки,H&M,4274660874289742,5,1500
Лента,2018-04-15 15:37,30.334796,59.976801,Диетические продукты,GNC,5200629687582254,19,2100
Дикси,2023-01-23 19:37,30.266167,59.933817,Экологически чистые продукты,Provamel,5200629687582254,10,210
Дон Телефон,2017-06-20 21:24,30.320953,59.927913,Настольные компьютеры,Dell,5200629687582254,5,90000
Babochka,2015-07-06 22:17,30.329209,59.793891,Свитера и кардиганы,Levi's,5200629687582254,38,6000
Максидом,2020-09-09 13:20,30.267628,59.95185,Отделочные материалы,Sniezka,4023115231927045,20,4300
Babochka,2021-06-11 21:12,30.328896,59.793756,Одежда для беременных,PinkBlush Maternity,4023115231927045,5,3200
PisterGSM,2017-06-14 22:22,30.36603,59.932429,Сетевое оборудование,Netgear,4023115231927045,5,7000
Азбука вкуса,2024-06-19 17:20,30.314295,60.04879,Чай и кофе,Davidoff,4023115231927045,5,310
Babochka,2013-03-24 22:02,30.336152,59.802006,Одежда для дома,Bershka,4023115231927045,49,1600
М.Видео,2024-03-25 18:06,30.511585,59.894069,Мониторы,Apple,4274286858068297,5,60000
Eurospar,2016-12-29 07:15,30.34903,59.945452,Чай и кофе,Tess,4274286858068297,7,130
Автотрейд,2016-05-29 21:38,30.235785,59.992793,Системы охлаждения,Mishimoto,4245424167813100,20,16000
Авто Стори,2025-04-10 13:52,30.385865,59.892103,Автомобильные аксессуары,Michelin,4245424167813100,26,2500
М-Стерео,2025-04-09 19:26,30.355453,59.938372,Программное обеспечение,Adobe,4245424167813100,22,120000
Eurospar,2017-03-31 03:47,30.300629,59.96729,Масла и жиры,Росмасло,4245424167813100,17,130
СтройХаус,2023-04-28 21:44,30.409452,60.075356,Инструменты и оборудование,Skil,4245424167813100,5,14000
GATE31,2015-12-26 16:59,30.309594,59.964426,Сумки и рюкзаки,Coach,4023123464790792,5,80000
Лемана Про,2012-05-31 10:22,30.245264,59.955058,Вентиляция и кондиционирование,Midea,4023129172965235,5,88000
PisterGSM,2015-04-11 19:36,30.36603,59.932429,Системы безопасности,Dahua,4023129172965235,5,24000
Elny,2013-09-02 09:24,30.409664,59.928271,Женская одежда,COS,4023129172965235,5,4000
Авто Стори,2012-06-25 17:14,30.385865,59.892103,Тормозные системы,TRW,4023129172965235,5,10000
GATE31,2023-07-30 14:08,30.346968,59.918223,Одежда для йоги,Electric & Rose,5268238408420580,5,7000
Barleone,2023-02-14 15:03,30.293232,59.959192,Сумки и рюкзаки,Celine,5268238408420580,37,150000
Максидом,2024-11-05 11:07,30.36521,59.811704,Системы отопления,Protherm,5268238408420580,5,85000
СтройХаус,2015-05-31 13:24,30.249159,59.987033,Системы отопления,Atlantic,5268238408420580,6,95000
GATE31,2022-07-26 19:00,30.346968,59.918223,Женская одежда,H&M,4023129452167032,21,2500
Лемана Про,2016-02-11 17:36,30.160162,59.805373,Декоративные элементы,DecoStar,4023129452167032,26,1700
Сатурн,2013-10-11 22:16,30.392081,59.889243,Вентиляция и кондиционирование,Hitachi,4023129452167032,18,128000
DreamWhite,2013-06-07 19:26,30.359178,59.938404,Детская одежда,H&M,4023129452167032,10,2200
Лемана Про,2021-06-10 21:01,30.398137,59.800127,Напольные покрытия,Polyflor,4276725376956031,43,1850
DNS,2017-11-27 13:19,30.38151,59.702543,Накопители данных,SanDisk,4276725376956031,5,5000
Дикси,2022-06-02 10:06,30.332151,59.926595,Детское питание,Aptamil,4276725376956031,5,165
Ситилинк,2017-05-08 19:00,30.448774,60.031971,Компьютерные периферийные устройства,Microsoft,4276725376956031,11,16000
Дикси,2021-07-30 18:04,30.30517,59.928707,Рыба и морепродукты,Рыбный край,4276725376956031,5,590
Дизель спот,2019-01-08 08:24,30.444036,59.950531,Трансмиссии,Getrag,5482185375322907,12,135000
Barleone,2023-05-03 11:35,30.293232,59.959192,Одежда больших размеров,Lane Bryant,5482185375322907,25,4500
Автотрейд,2015-04-05 20:18,30.382569,59.889669,Шины и диски,Pirelli,5482185375322907,6,12500
Магнит,2021-11-05 10:04,30.301764,59.92892,Орехи и сухофрукты,Bombbar,5482185375322907,8,430
Автотрейд,2023-08-13 15:45,30.235785,59.992793,Шины и диски,Bridgestone,5482185375322907,12,11000
OBI,2021-09-30 13:46,30.146803,59.993579,Садовая мебель,Keter,5479132132114974,6,35000
Перекрёсток,2024-05-20 10:15,30.151735,59.993683,Продукты для спортсменов,Scivation,5583346828602370,13,2700
СтройХаус,2021-01-22 23:36,30.249342,60.034898,Кровельные материалы,Velux,5583346828602370,9,2700
Дизель спот,2016-11-03 22:56,30.468788,59.960016,Автомобильные лампы и освещение,Osram,5583346828602370,5,1400
StoreDima,2016-10-12 21:25,30.32422,59.929012,Аксессуары для мобильных устройств,ZAGG,5583346828602370,5,5000
Авто Стори,2019-06-06 15:52,30.385865,59.892103,Автомобильные масла и жидкости,BP,5583346828602370,5,2400
Barleone,2014-11-03 12:41,30.293232,59.959192,Сумки и рюкзаки,Tory Burch,5579662252229785,5,75000
Дикси,2016-12-23 14:40,30.289031,59.905105,Готовые блюда,Балтимор,5579662252229785,11,140
Porivay Suit,2024-09-14 09:10,30.356776,59.915184,Белье и ночные сорочки,H&M,5488370770593394,19,1500
VAG Club,2023-04-18 11:00,30.22647,59.996275,Автоинструменты и оборудование,Snap-on,5488370770593394,26,20000
DNS,2017-03-21 13:48,30.492643,59.895078,Планшеты,Asus,5488370770593394,40,40000
РеалЪ,2016-06-20 14:21,30.281212,59.850169,Чай и кофе,Gevalia,5488370770593394,5,270
OBI,2014-05-05 21:44,30.349319,59.871277,Герметики и монтажная пена,Isover,4274005585610241,5,380
Авто Стори,2013-07-05 18:03,30.47283,59.885293,Автосигнализации и охранные системы,Cenmax,4274005585610241,17,14000
Пятёрочка,2012-09-14 20:36,30.367992,60.013444,Диетические продукты,Orgain,4274005585610241,32,2100
М.Видео,2022-09-06 17:30,30.404724,59.863295,Телевизоры,Magnavox,5308271116862324,11,19000
Максидом,2018-04-19 14:52,30.386777,60.004162,Электрика,Eaton,4260370861778332,5,4800
Eurospar,2017-05-08 21:37,30.34903,59.945452,Продукты для спортсменов,MuscleTech,4260370861778332,12,3200
Дикси,2012-10-02 16:24,30.301414,59.903764,Напитки,Volvic,4260370861778332,9,95
restore,2020-03-09 18:45,30.320493,59.926461,Программное обеспечение,Mozilla,4260370861778332,38,50000
Barleone,2015-10-15 13:24,30.293232,59.959192,Одежда для особых случаев,Michael Kors,4260370861778332,9,200000
Мастеровой,2025-04-11 21:38,30.361738,59.943736,Отделочные материалы,Baumit,4274333070662200,5,5200
Дикси,2012-02-18 12:30,30.297767,59.964907,Фрукты и овощи,Dole,4274333070662200,40,150
DNS,2017-10-09 11:54,30.24694,60.017088,Сетевые сервисы и подписки,Dropbox,4274333070662200,5,6000
М.Видео,2015-03-15 16:16,30.353415,59.988312,Компьютерные периферийные устройства,Turtle Beach,4274333070662200,41,14000
Пятёрочка,2017-09-21 15:01,30.366307,59.94617,Чай и кофе,Jacobs,4274333070662200,18,240
Лемана Про,2019-06-24 19:03,30.273169,60.073772,Системы безопасности,Pelco,5189016818381284,5,37000
Babochka,2020-10-11 14:36,30.379816,59.925405,Одежда для сна,Uniqlo,5189016818381284,5,2500
GATE31,2013-09-05 15:56,30.360159,59.943736,Платья и юбки,H&M,5189016818381284,14,4000
Максидом,2017-10-17 21:46,30.386777,60.004162,Освещение,Hubbell,5189016818381284,5,1700
Перекрёсток,2016-09-15 15:14,30.503397,59.830954,Напитки,Fanta,5458077164523625,49,80
Babochka,2021-07-29 17:22,30.373729,59.927942,Обувь,Under Armour,6762807899247154,32,8500
Ситилинк,2015-07-30 20:36,30.384687,59.830638,Фото- и видеокамеры,Blackmagic Design,6762807899247154,5,100000
Лента,2025-03-24 08:56,30.327938,60.061285,Рыба и морепродукты,Рыбный день,6762807899247154,5,460
М.Видео,2016-12-29 20:21,30.583023,59.740675,Сетевые сервисы и подписки,Adobe,6762807899247154,29,15000
Barleone,2014-05-15 20:21,30.293232,59.959192,Обувь,Under Armour,6762807899247154,36,8500
М-Стерео,2015-09-21 18:32,30.367216,59.935317,Компьютерные периферийные устройства,Acer,5101266106744831,5,14000
Магнит,2020-12-26 15:31,30.26396,59.90816,Здоровое питание,Rude Health,5101266106744831,24,350
StoreDima,2023-05-23 10:07,30.32422,59.929012,Носимая электроника,Xiaomi,5101266106744831,24,15000
Сатурн,2021-03-07 18:38,30.355106,59.978333,Лестницы и стремянки,Hailo,5484290507823272,5,16000
М.Видео,2016-02-05 12:36,30.353415,59.988312,Настольные компьютеры,Alienware,5484290507823272,25,130000
Elny,2013-02-28 15:36,30.273866,59.941915,Мужская одежда,Prada,4023110661931228,5,22000
М.Видео,2012-03-01 08:25,30.511585,59.894069,Аудиооборудование,Bang & Olufsen,4023110661931228,18,60000
М-Стерео,2019-07-29 11:48,30.355453,59.938372,Сетевые сервисы и подписки,IBM,4023110661931228,5,14000
OBI,2016-08-19 10:05,30.316835,59.824291,Системы безопасности,Sony,4023110661931228,17,39000
Porivay Suit,2021-11-14 08:41,30.348972,59.914947,Свитера и кардиганы,American Eagle,4023110661931228,14,4000
restore,2025-02-03 20:54,30.367769,60.033526,Планшеты,Microsoft,5493029365504262,26,70000
Пятёрочка,2025-03-05 08:19,30.19693,59.989027,Крупы и макароны,De Cecco,5493029365504262,5,170
Лента,2022-05-18 20:23,30.238926,60.029599,Молочные продукты,Tema,5493029365504262,33,70
DreamWhite,2018-09-06 09:33,30.304204,59.960815,Футболки и майки,Superdry,5493029365504262,33,3400
Сатурн,2014-12-09 16:07,30.128095,59.995286,Краски и лаки,Eskaro,5493029365504262,18,2200
restore,2015-09-08 20:11,30.446447,59.911725,Настольные компьютеры,Zotac,4023113430522252,5,75000
Ситилинк,2016-02-03 12:09,30.448774,60.031971,Планшеты,Xiaomi,4893483627494543,16,35000
Автотрейд,2021-08-08 18:18,30.169871,59.815811,Автосигнализации и охранные системы,Cyclon,4023119654607939,35,8000
Телемаркет24,2022-06-08 10:05,30.335758,60.067134,Компьютерные периферийные устройства,Creative,4023119654607939,9,12000
Перекрёсток,2018-05-27 21:59,30.290068,59.959334,Фрукты и овощи,Taylor Farms,6762803998507955,22,190
Автотрейд,2015-10-20 20:45,30.169871,59.815811,Автоинструменты и оборудование,Makita,6762803998507955,18,14000
Babochka,2021-02-23 18:00,30.300985,60.004935,Одежда для сна,Eberjey,6762803998507955,13,5000
GATE31,2014-12-07 10:02,30.346968,59.918223,Рубашки и блузы,Zara,6762803998507955,26,2500
Магнит,2014-06-25 02:54,30.26396,59.90816,Напитки,Monster,4023115363395390,43,150
DNS,2020-09-14 14:02,30.453346,60.03567,Автоэлектроника,JL Audio,4023115363395390,5,20000
Дизель спот,2014-09-02 16:42,30.468788,59.960016,Системы охлаждения,Mishimoto,4295657515028543,5,16000
Азбука вкуса,2018-02-18 10:33,30.359189,59.931679,Соусы и приправы,Cholula,4295657515028543,15,180
Магнит,2023-07-04 14:53,30.312278,59.906084,Соусы и приправы,Grey Poupon,5286286370431248,25,200
М-Стерео,2022-03-12 10:18,30.355453,59.938372,Программируемые устройства,Espressif,5286286370431248,16,2000
М-Стерео,2022-04-12 21:14,30.355453,59.938372,Ноутбуки,Dell,5286286370431248,17,70000
СтройХаус,2019-02-12 09:38,30.372729,59.95475,Освещение,GE Lighting,4874430981756109,11,1300
DreamWhite,2012-04-21 19:08,30.304204,59.960815,Верхняя одежда,Canada Goose,4874430981756109,24,60000
Дикси,2020-06-14 11:18,30.360979,59.942506,Здоровое питание,Nature's Path,4874430981756109,5,350
М-Стерео,2013-02-04 19:40,30.367216,59.935317,Планшеты,Samsung,4874430981756109,5,60000
Дизель спот,2013-08-27 17:17,30.468788,59.960016,Автомобильные аксессуары,Hella,5397307402017201,20,3500
DreamWhite,2018-03-16 13:02,30.370335,59.938003,Сумки и рюкзаки,Chanel,5397307402017201,38,220000
Петрович,2015-02-09 17:15,30.344151,60.06295,Кровельные материалы,Metrotile,5294494201623055,5,3000
Eurospar,2016-07-22 10:28,30.34903,59.945452,Безалкогольные напитки,Fanta,5294494201623055,7,90
GATE31,2016-04-21 20:23,30.346968,59.918223,Эко-одежда,Toad&Co,5294494201623055,12,8500
Перекрёсток,2014-02-28 16:16,30.228791,60.017448,Замороженные продукты,Eggo,5294494201623055,62,250
Barleone,2019-09-03 14:42,30.293232,59.959192,Одежда для сна,Eberjey,5294494201623055,5,5000
М-Стерео,2015-06-19 11:16,30.367216,59.935317,Принтеры и сканеры,HP,4762087008082078,38,25000
Дикси,2023-01-01 10:58,30.290941,59.96181,Готовые блюда,Агама,4762087008082078,14,260
Магнит,2021-08-18 16:02,30.259132,59.867715,Соусы и приправы,Heinz,4023117717118595,35,150
Перекрёсток,2018-12-31 12:39,30.286508,60.000051,Фрукты и овощи,Earthbound Farm,4023117717118595,9,210
Porivay Suit,2021-07-22 20:32,30.356776,59.915184,Рубашки и блузы,Levi's,4023117717118595,5,2800
М-Стерео,2017-02-13 22:10,30.355453,59.938372,Мелкая бытовая техника,Panasonic,4023117717118595,19,16000
restore,2018-05-01 11:32,30.446447,59.911725,Батарейки и зарядные устройства,RAVPower,4023117717118595,5,550
Дон Телефон,2016-06-22 11:27,30.321769,59.927084,Настольные компьютеры,Corsair,4893493542534866,5,100000
Barleone,2013-09-25 22:08,30.293232,59.959192,Рубашки и блузы,H&M,4893493542534866,17,2000
VAG Club,2020-04-18 11:07,30.444139,60.000501,Автомобильные аксессуары,Thule,4893493542534866,13,15000
РеалЪ,2020-02-20 12:47,30.414431,59.94991,Рыба и морепродукты,Морепродукты,4226088120724834,55,620
Телемаркет24,2012-12-25 15:55,30.473981,59.946175,Компьютерные периферийные устройства,Trust,4226088120724834,5,10000
OBI,2022-09-19 17:51,30.349319,59.871277,Садовая техника,Snapper,5268237190730755,5,55000
Магнит,2020-07-31 10:00,30.37508,59.875082,Консервы,Green Ray,5268237190730755,5,120
ТехноНИКОЛЬ,2022-06-20 20:57,30.526859,59.620811,Краски и лаки,Beckers,5559577518697508,5,2400
Мастеровой,2024-09-26 20:50,30.314396,59.926407,Фасадные материалы,Saint-Gobain,6768009442276239,5,1550
СтройХаус,2020-07-27 16:25,30.482775,60.002994,Краски и лаки,Dufa,6768009442276239,5,2200
StoreDima,2022-12-23 15:37,30.32422,59.929012,Накопители данных,Silicon Power,6768009442276239,10,5500
Петрович,2023-06-08 12:47,30.343252,60.062117,Кровельные материалы,Docke,5521752373778276,5,1700
Barleone,2013-01-06 07:27,30.293232,59.959192,Сумки и рюкзаки,Versace,5521752373778276,5,140000
РеалЪ,2018-02-04 07:00,30.347623,59.971649,Снеки и чипсы,Fritos,5521752373778276,5,150
OBI,2013-03-29 22:57,30.147238,59.993572,Строительные материалы,Armstrong,5521752373778276,16,4100
VAG Club,2024-07-16 22:33,30.444139,60.000501,Автомобильные масла и жидкости,Lucas Oil,5521752373778276,9,2600
Porivay Suit,2012-04-28 12:50,30.356776,59.915184,Одежда для беременных,Hatch,5342457837978162,5,4800
DreamWhite,2013-01-25 16:22,30.304204,59.960815,Одежда для особых случаев,Oscar de la Renta,5342457837978162,11,310000
Петрович,2023-08-11 17:57,30.507151,59.889037,Садовые постройки,Forest Garden,5530332443741647,27,43000
Автотрейд,2020-10-28 14:48,30.235785,59.992793,Автоинструменты и оборудование,Husky,5530332443741647,5,11000
DreamWhite,2015-10-19 08:00,30.304204,59.960815,Одежда для дома,Tommy Hilfiger,5530332443741647,8,4000
М-Стерео,2012-06-11 16:30,30.367216,59.935317,Игровые консоли и аксессуары,Thrustmaster,5530332443741647,26,16000
Ситилинк,2022-12-09 22:25,30.204986,59.986117,Батарейки и зарядные устройства,Philips,4483316589022383,5,470
Лента,2019-01-25 04:20,30.244461,59.955691,Алкогольные напитки,Patrón,4483316589022383,11,3500
Elny,2024-04-10 19:37,30.293474,59.960791,Свитера и кардиганы,Lacoste,4483316589022383,5,7000
Телемаркет24,2023-05-30 14:46,30.438988,59.933292,Носимая электроника,Apple,4483316589022383,5,45000
Петрович,2017-08-16 11:32,30.156687,59.585744,Освещение,Satco,4483316589022383,22,850
Азбука вкуса,2018-02-15 17:52,30.359189,59.931679,Детское питание,Similac,4317234855691514,5,175
Дикси,2014-04-08 21:58,30.300721,59.952004,Бакалея,Greenfield,4317234855691514,25,300
РеалЪ,2022-01-18 10:18,30.414431,59.94991,Продукты для спортсменов,Gaspari Nutrition,4317234855691514,5,2800
Максидом,2012-01-24 19:37,30.267628,59.95185,Керамическая плитка,Keramin,4317234855691514,32,1100
Porivay Suit,2012-12-08 08:44,30.356776,59.915184,Одежда для дома,Oysho,4317234855691514,5,1700
М.Видео,2017-05-21 15:25,30.316717,59.81842,Игровые консоли и аксессуары,Gioteck,5257877406094005,11,6000
Максидом,2020-06-16 15:03,30.36521,59.811704,Садовый декор,Red Carpet Studios,5257877406094005,5,13000
Автотрейд,2021-04-06 12:44,30.382569,59.889669,Подвеска и рулевое управление,Proforged,5104108940658565,5,13500
PisterGSM,2016-07-23 13:36,30.36603,59.932429,Телефоны и оборудование для стационарной связи,Fanvil,5104108940658565,45,6500
PisterGSM,2023-03-31 19:53,30.36603,59.932429,Носимая электроника,Suunto,5104108940658565,5,32000
СтройХаус,2017-10-10 22:14,30.44978,60.036823,Сантехника,AlcaPlast,5104108940658565,5,12000
Лента,2018-07-31 09:17,30.346787,59.919861,Чай и кофе,Illy,5104108940658565,11,350
РеалЪ,2020-07-27 07:30,30.269682,59.972527,Продукты для диабетиков,Lakanto,5189012614884750,28,750
ТехноНИКОЛЬ,2013-09-12 13:26,30.433004,59.898045,Фасадные материалы,Terraco,5313449947015570,5,1350
Перекрёсток,2018-08-27 10:20,30.228791,60.017448,Рыба и морепродукты,Балтийский берег,5313449947015570,5,450
Автотрейд,2018-10-09 17:29,30.235785,59.992793,Автомобильные аксессуары,Yakima,5313449947015570,5,14000
Автотрейд,2021-09-20 10:49,30.382569,59.889669,Автозвук и мультимедиа,Phoenix Gold,5313449947015570,5,14000
StoreDima,2019-05-30 11:33,30.32422,59.929012,Фото- и видеокамеры,JVC,5313449947015570,5,30000
Автотрейд,2017-07-17 14:36,30.235785,59.992793,Автомобильные лампы и освещение,Vision X,4797729031144813,8,1800
Максидом,2016-04-22 17:31,30.386777,60.004162,Керамическая плитка,Serenissima,4797729031144813,42,2100
Barleone,2019-03-14 09:48,30.293232,59.959192,Купальники и пляжная одежда,L*Space,4797729031144813,5,5300
restore,2015-01-27 09:05,30.515375,59.893985,Компьютерные периферийные устройства,Mad Catz,4797729031144813,6,14000
Максидом,2024-06-30 15:38,30.36521,59.811704,Герметики и монтажная пена,Isover,4797729031144813,18,380
Афоня,2014-11-13 14:01,30.303072,59.963994,Садовые постройки,Arrow,4297495921902196,21,35000
restore,2017-09-05 20:38,30.367769,60.033526,Устройства виртуальной и дополненной реальности,Magic Leap,4297495921902196,5,70000
Лента,2012-12-25 10:11,30.272381,60.074949,Напитки,Schweppes,4297495921902196,11,85
Автотрейд,2014-08-21 12:46,30.382569,59.889669,Автоинструменты и оборудование,GearWrench,4297495921902196,5,13000
Автотрейд,2013-09-12 13:14,30.235785,59.992793,Автомобильные аптечки и аварийные наборы,Омега,4297495921902196,38,1300
Дизель спот,2017-10-05 22:16,30.444036,59.950531,Подвеска и рулевое управление,Lemforder,4023124053763835,32,14000
Дизель спот,2018-02-21 22:52,30.468788,59.960016,Автомобильные лампы и освещение,Nighteye,4023124053763835,37,1600
Телемаркет24,2018-07-03 16:44,30.377959,59.830567,Аудиооборудование,Marantz,4023124053763835,15,48000
Barleone,2020-07-07 16:12,30.293232,59.959192,Спортивные костюмы,Erima,4023124053763835,5,7000
DreamWhite,2014-11-29 10:53,30.332892,59.792867,Платья и юбки,River Island,4023124053763835,21,4500
СтройХаус,2024-11-07 14:45,30.409452,60.075356,Кровельные материалы,Roben,5486010711304937,30,2400
StoreDima,2024-05-07 16:56,30.32422,59.929012,Сетевые сервисы и подписки,VMware,5486010711304937,6,11000
StoreDima,2024-12-14 13:31,30.32422,59.929012,Программируемые устройства,M5Stack,5486010711304937,14,2600
Авто Стори,2020-08-17 14:18,30.47283,59.885293,Автосигнализации и охранные системы,Convoy,5486010711304937,5,10000
Авто Стори,2018-09-28 16:39,30.385865,59.892103,Системы охлаждения,Valeo,4245429208393761,5,14000
Дон Телефон,2025-02-18 21:23,30.320953,59.927913,Телефоны и оборудование для стационарной связи,RCA,4245429208393761,8,5000
Elny,2021-07-13 20:00,30.409664,59.928271,Одежда для дома,Hollister,4245429208393761,5,2700
DNS,2024-08-27 18:13,30.261444,59.851368,Сетевое оборудование,DrayTek,4245429208393761,5,8000
Магнит,2022-06-01 21:38,30.315741,59.903477,Консервы,Кубаночка,4245429208393761,35,80
Сатурн,2018-06-19 18:05,30.370351,59.927948,Окна и двери,KBE,5476134715388253,10,26000
Максидом,2021-01-29 18:04,30.386777,60.004162,Герметики и монтажная пена,Sika,5476134715388253,5,380
GATE31,2023-10-28 17:28,30.345298,59.930685,Женская одежда,Urban Outfitters,5476134715388253,16,3800
ТехноНИКОЛЬ,2019-02-21 15:39,30.282577,60.073813,Изоляционные материалы,Rockwool,5363926948223470,20,1600
Ашан,2022-03-14 13:25,30.389082,60.053104,Снеки и чипсы,Pirate's Booty,4612855593847239,31,200
Babochka,2016-05-29 09:25,30.342662,59.945058,Аксессуары,Bottega Veneta,4612855593847239,5,60000
Мастеровой,2016-02-16 18:37,30.314396,59.926407,Керамическая плитка,Fanal,4612855593847239,5,1500
Перекрёсток,2016-03-20 20:18,30.447066,59.912758,Масла и жиры,Олейна,5157755079997145,18,150
GATE31,2020-04-30 12:24,30.345298,59.930685,Перчатки и шарфы,Burberry,5157755079997145,34,20000
Дикси,2023-10-20 18:41,30.33643,59.936924,Супы и бульоны,Wolfgang Puck,5157755079997145,19,270
Петрович,2016-01-01 20:37,30.344151,60.06295,Системы канализации,Geberit,5176474471513112,28,18000
Barleone,2024-01-07 11:14,30.293232,59.959192,Одежда для активного отдыха,Mammut,5176474471513112,9,18000
VAG Club,2019-12-19 11:07,30.22647,59.996275,Автомобильные аксессуары,BlackVue,4274195251381291,21,20000
Сатурн,2020-02-21 23:21,30.285074,59.926201,Краски и лаки,VGT,4274195251381291,11,1900
VAG Club,2020-06-02 22:36,30.444139,60.000501,Автосигнализации и охранные системы,MS-Pilot,4274195251381291,18,9000
Афоня,2017-06-27 18:14,30.42897,59.951745,Поливочные системы,Flantor,4274195251381291,34,8500
М.Видео,2022-11-24 14:02,30.206292,59.990749,Накопители данных,Intel,6768518228055556,5,7000
restore,2024-11-03 10:24,30.301078,60.005219,Устройства умного дома,Philips,6768518228055556,29,30000
VAG Club,2017-01-18 14:54,30.22647,59.996275,Автомобильные масла и жидкости,Red Line,4245436846096386,23,3400
Афоня,2013-10-16 09:12,30.362206,59.831769,Электрика,Osram,4245436846096386,21,2500
Петрович,2018-11-10 13:25,30.344219,60.06293,Напольные покрытия,Alloc,4245436846096386,41,1550
Автотрейд,2018-08-23 18:30,30.382569,59.889669,Автомобильные аптечки и аварийные наборы,АВТОСПАС,4245436846096386,5,2000
ТехноНИКОЛЬ,2017-10-07 12:56,30.282577,60.073813,Изоляционные материалы,Foamglas,4245436846096386,41,2000
Ашан,2012-06-03 14:37,30.38196,60.091953,Готовые блюда,Роллтон,5547076220542221,10,45
Автотрейд,2021-08-18 22:23,30.235785,59.992793,Тормозные системы,StopTech,5547076220542221,5,14500
Дизель спот,2018-06-10 21:38,30.235619,59.993021,Автомобильные масла и жидкости,Liqui Moly,5547076220542221,5,2800
Barleone,2014-07-23 15:00,30.293232,59.959192,Мужская одежда,Gucci,4023125838544749,11,20000
Ашан,2021-08-28 08:04,30.400781,59.899965,Напитки,Gatorade,4023125838544749,20,100
М-Стерео,2012-10-06 12:11,30.355453,59.938372,Устройства умного дома,LG,4023125838544749,5,45000
Лента,2022-08-19 12:25,30.334796,59.976801,Орехи и сухофрукты,Greenfield,4023125838544749,5,510
М-Стерео,2019-11-04 15:20,30.355453,59.938372,Мелкая бытовая техника,Gorenje,4023125838544749,25,16000
StoreDima,2016-06-14 15:21,30.32422,59.929012,Устройства умного дома,Wyze,6768934349796023,20,20000
GATE31,2013-04-09 14:36,30.345298,59.930685,Футболки и майки,Puma,6768934349796023,5,3000
OBI,2017-05-17 16:12,30.147238,59.993572,Сантехника,Jacob Delafon,6768934349796023,34,17000
Авто Стори,2024-09-28 13:29,30.47283,59.885293,Шины и диски,Vredestein,6768934349796023,15,10000
Eurospar,2018-03-16 09:30,30.359726,59.948455,Консервы,Кубаночка,6768934349796023,8,80
Пятёрочка,2019-09-26 17:05,30.33418,60.000021,Молочные продукты,Chudo,4245425756870314,6,85
Автотрейд,2022-06-07 14:33,30.169871,59.815811,Подвеска и рулевое управление,Delphi,5211785718239993,5,11000
Barleone,2018-11-15 17:30,30.293232,59.959192,Одежда для особых случаев,Marchesa,5211785718239993,5,260000
Дон Телефон,2016-08-27 17:34,30.320953,59.927913,Системы безопасности,Frontpoint,5211785718239993,41,11000
Авто Стори,2021-06-07 21:25,30.47283,59.885293,Топливные системы,Beck/Arnley,5211785718239993,5,9000
Лемана Про,2012-10-30 12:26,30.347462,60.066702,Садовая мебель,Brafab,5211785718239993,20,48000
Лемана Про,2012-02-05 17:47,30.236232,60.038227,Системы безопасности,Ring,4627799494903577,29,32000
Петрович,2023-11-06 18:14,30.156532,59.585724,Декоративные элементы,Ceresit,4627799494903577,5,2700
Ситилинк,2017-04-27 20:36,30.309242,59.916191,Офисная техника,Ricoh,4082161519741836,33,33000
Автотрейд,2024-01-29 11:07,30.235785,59.992793,Автомобильные масла и жидкости,Gulf,4082161519741836,15,2400
Максидом,2014-05-05 10:10,30.38423,60.002149,Мебель для ванной,Vitra,5472145708618612,5,29000
Сатурн,2020-10-16 18:27,30.128095,59.995286,Садовые постройки,Leisure Season,5472145708618612,12,43000
Лента,2016-06-21 19:50,30.162136,59.80712,Масла и жиры,Славянка,5472145708618612,12,135
Barleone,2018-02-24 21:40,30.293232,59.959192,Домашняя одежда,Under Armour,5189019820231551,6,2900
OBI,2024-06-27 12:20,30.349319,59.871277,Электрика,Feron,5488376395423448,5,2200
Лента,2024-09-20 18:06,30.470295,59.951686,Экологически чистые продукты,Logona,5313449618215664,39,290
Пятёрочка,2017-04-28 19:20,30.340828,59.936759,Органические продукты,Amy's Kitchen,5313449618215664,8,200
М.Видео,2015-10-23 11:00,30.316717,59.81842,3D-принтеры и аксессуары,MakerBot,5313449618215664,5,200000
Максидом,2021-10-31 21:02,30.36521,59.811704,Системы отопления,Beretta,4245421051707224,14,85000
Телемаркет24,2021-02-26 14:23,30.438988,59.933292,Сетевые сервисы и подписки,Dropbox,4245421051707224,12,6000
DreamWhite,2023-10-15 09:31,30.304204,59.960815,Купальники и пляжная одежда,Calzedonia,4245421051707224,5,4500
Максидом,2023-06-07 14:37,30.36521,59.811704,Системы отопления,Viessmann,4245421051707224,5,110000
Магнит,2017-07-19 10:01,30.312278,59.906084,Продукты для спортсменов,GAT Sport,4245421051707224,5,2200
Porivay Suit,2015-07-09 22:14,30.348972,59.914947,Перчатки и шарфы,Calvin Klein,4762077876290357,6,14000
Телемаркет24,2022-02-24 17:51,30.377959,59.830567,Сетевые сервисы и подписки,IBM,4762077876290357,20,14000
Лента,2024-03-21 23:30,30.226131,59.984632,Орехи и сухофрукты,Bite,4762077876290357,5,520
Телемаркет24,2017-03-21 08:25,30.205425,59.989928,Системы безопасности,Blink,5268238534135663,5,14000
Дикси,2015-08-07 00:40,30.312952,59.90159,Безалкогольные напитки,Schweppes,5268238534135663,5,120
Ситилинк,2021-06-27 21:35,29.892438,59.881339,Системы безопасности,Vivint,5268238534135663,5,26000
Авто Стори,2015-11-09 17:48,30.385865,59.892103,Топливные системы,Bosch,5268233290161628,17,12000
Elny,2014-12-21 19:28,30.409664,59.928271,Одежда для активного отдыха,Montane,4154828100788904,49,14000
DNS,2014-07-12 21:56,30.335569,59.922337,Аксессуары для мобильных устройств,RAVPower,4154828100788904,5,5500
Максидом,2018-08-15 21:36,30.38423,60.002149,Кровельные материалы,Gerard,5257871304180241,5,3200
Дизель спот,2021-08-29 13:14,30.235619,59.993021,Топливные системы,Mopar,4274200546202021,5,11000
Eurospar,2013-10-20 10:58,30.226486,59.986227,Супы и бульоны,Progresso,4274200546202021,22,170
Авто Стори,2017-10-05 21:29,30.47283,59.885293,Топливные системы,Carter,4274200546202021,5,8000
Ситилинк,2020-07-05 22:11,30.2612,59.867535,Сетевое оборудование,Aruba,4274200546202021,5,14000
Петрович,2022-04-30 13:59,30.344219,60.06293,Герметики и монтажная пена,Ceresit,4226081611346269,14,300
Максидом,2020-09-25 15:55,30.38423,60.002149,Напольные покрытия,Quick-Step,4226081611346269,46,1700
Лемана Про,2012-04-04 15:34,30.09623,59.851937,Системы отопления,Bosch,5469484165670570,5,100000
Ашан,2012-08-05 16:38,30.514683,59.893525,Рыба и морепродукты,Морская жемчужина,5469484165670570,23,650
Авто Стори,2024-07-17 11:55,30.47283,59.885293,Двигатели и компоненты,NGK,5469484165670570,6,85000
Ситилинк,2022-03-01 12:12,30.342154,59.836205,Автоэлектроника,JVC,5469484165670570,5,13000
PisterGSM,2021-04-05 15:18,30.36603,59.932429,Накопители данных,Buffalo,5495009609516516,5,6000
Автотрейд,2019-03-19 15:04,30.235785,59.992793,Автомобильные лампы и освещение,Sylvania,5495009609516516,13,1400
Дон Телефон,2021-08-29 11:37,30.321769,59.927084,Офисная техника,Kyocera,4390773676836663,5,34000
Сатурн,2025-02-05 12:15,30.310659,59.852734,Декоративные элементы,Home Decor,4390773676836663,5,1600
Porivay Suit,2019-03-26 11:39,30.348972,59.914947,Сумки и рюкзаки,Chanel,4390773676836663,14,220000
PisterGSM,2020-08-19 17:52,30.36603,59.932429,Принтеры и сканеры,Sharp,4390773676836663,13,25000
Лента,2021-04-20 11:58,30.39892,59.798683,Хлеб и выпечка,Пекарня Петровская,5342609452068874,5,70
М.Видео,2017-10-06 16:33,30.353415,59.988312,Программное обеспечение,MathWorks,5342609452068874,5,130000
Автотрейд,2022-08-19 10:27,30.169871,59.815811,Автосигнализации и охранные системы,KGB,4908091871558410,27,11000
Максидом,2025-03-04 10:18,30.38423,60.002149,Сантехника,Hatria,4908091871558410,37,15000
Азбука вкуса,2024-03-21 21:45,30.34879,59.94209,Диетические продукты,Vital Proteins,4245444307064579,16,2200
Дизель спот,2017-04-25 21:07,30.444036,59.950531,Автосигнализации и охранные системы,Convoy,4245444307064579,5,10000
Сатурн,2020-06-24 12:22,30.370351,59.927948,Садовый инвентарь,MTD,4245444307064579,7,5300
РеалЪ,2018-06-29 19:47,30.380152,59.865735,Диетические продукты,Met-Rx,4245444307064579,19,1900
StoreDima,2013-01-31 10:53,30.32422,59.929012,Программное обеспечение,Dassault Systèmes,4627791300817262,5,210000
М-Стерео,2013-08-20 09:54,30.367216,59.935317,Программируемые устройства,Banana Pi,4627791300817262,5,3600
Петрович,2018-10-06 20:57,30.301941,60.09559,Сантехника,Geberit,4627791300817262,5,22000
Магнит,2014-09-25 11:47,30.27132,59.94671,Молочные продукты,Danone,4245445320468590,5,80
Eurospar,2021-03-30 17:21,29.957028,60.092458,Супы и бульоны,Campbell's,4245445320468590,6,200
Авто Стори,2017-12-04 21:55,30.47283,59.885293,Автомобильные лампы и освещение,Valeo,5536912200747598,5,1500
Ситилинк,2013-09-29 11:48,30.20524,59.832808,Офисная техника,Logitech,5493021763648585,12,26000
Сатурн,2022-08-28 15:01,30.367789,59.874853,Мебель для ванной,Keramag,4381390523661615,28,26000
Дикси,2015-09-13 02:15,30.290052,59.941778,Замороженные продукты,Haagen-Dazs,4381390523661615,5,750
Ситилинк,2015-02-15 21:56,30.369238,59.810188,Программируемые устройства,Texas Instruments,4381390523661615,5,4200
OBI,2012-12-29 09:36,30.146803,59.993579,Фасадные материалы,Sika,4023129672231426,5,1400
Азбука вкуса,2021-01-19 05:34,30.359189,59.931679,Хлеб и выпечка,Дарницкий,4023129672231426,29,50
DreamWhite,2014-05-06 18:19,30.332892,59.792867,Обувь,Timberland,4023129672231426,10,10000
Азбука вкуса,2015-05-24 09:48,30.359189,59.931679,Орехи и сухофрукты,NaturFoods,4023115772816820,5,460
Ашан,2024-02-25 06:09,30.401603,59.899487,Замороженные продукты,Talenti,4023115772816820,5,650
Ситилинк,2023-07-27 16:35,30.251578,59.992185,Планшеты,Xiaomi,4023115772816820,18,35000
Дизель спот,2014-08-05 09:31,30.444036,59.950531,Шины и диски,Gislaved,5101441915697175,11,7500
Авто Стори,2016-10-23 13:30,30.385865,59.892103,Двигатели и компоненты,Mahle,5101441915697175,5,110000
DNS,2018-03-16 14:23,30.311645,60.052644,Автоэлектроника,Infinity,5101441915697175,19,16000
Максидом,2023-09-07 09:51,30.386777,60.004162,Системы канализации,Pragma,5101441915697175,5,10000
Сатурн,2013-09-11 12:14,30.392081,59.889243,Отделочные материалы,Vetonit,5101441915697175,20,4300
Babochka,2023-10-03 09:07,30.328896,59.793756,Одежда для активного отдыха,Mountain Hardwear,5498849671573091,33,15000
Телемаркет24,2018-07-21 22:21,30.483717,59.908292,Кабели и адаптеры,Dell,5498849671573091,5,2000
Петрович,2020-01-02 17:26,30.459371,59.979735,Садовые постройки,Keter,5397307656052837,8,45000
DreamWhite,2019-04-19 21:51,30.332892,59.792867,Женская одежда,Zara,5397307656052837,8,3000
Автотрейд,2019-12-21 19:09,30.382332,59.889032,Автомобильные аксессуары,Curt,5397307656052837,33,5000
Авто Стори,2020-07-17 17:18,30.47283,59.885293,Подвеска и рулевое управление,Rancho,5397307656052837,20,14000
Barleone,2015-08-08 13:58,30.293232,59.959192,Перчатки и шарфы,Versace,5397307656052837,5,21000
Babochka,2014-03-09 16:15,30.342662,59.945058,Перчатки и шарфы,Dolce & Gabbana,4023114989577510,5,22000
Авто Стори,2023-01-21 14:01,30.47283,59.885293,Тормозные системы,Zimmermann,4023114989577510,7,12500
Максидом,2016-05-24 14:18,30.267628,59.95185,Системы отопления,Grundfos,4023125256404781,13,75000
Пятёрочка,2019-08-08 05:12,30.313857,59.878968,Крупы и макароны,Barilla,4023113285277977,5,160
Elny,2017-03-22 13:31,30.273866,59.941915,Женская одежда,Madewell,4023113285277977,26,3600
Перекрёсток,2024-06-19 12:45,30.371049,59.882592,Орехи и сухофрукты,Bombbar,4023113285277977,14,430
Дизель спот,2024-02-09 21:38,30.235619,59.993021,Двигатели и компоненты,TRW,4023113285277977,30,85000
ТехноНИКОЛЬ,2012-06-22 09:08,30.432281,59.897979,Крепеж и метизы,Spax,4023120860260589,7,3500
М-Стерео,2020-06-15 20:09,30.355453,59.938372,Электронные книги,Bookeen,4023112432230793,5,6000
М.Видео,2021-10-31 11:21,30.445592,59.910635,Ноутбуки,Toshiba,4023112432230793,20,55000
Авто Стори,2012-05-27 20:43,30.385865,59.892103,Двигатели и компоненты,Autolite,4023112432230793,20,70000
Авто Стори,2014-01-27 17:37,30.385865,59.892103,Автомобильные масла и жидкости,Red Line,4023112432230793,17,3400
Babochka,2018-12-16 12:10,30.328896,59.793756,Одежда для дома,Pull & Bear,4670585602193015,5,1500
Дизель спот,2012-10-24 15:45,30.444036,59.950531,Автосигнализации и охранные системы,Sobr,4670585602193015,5,19000
VAG Club,2016-05-22 18:08,30.444139,60.000501,Автомобильные лампы и освещение,Nokya,4333003781041508,5,1500
Лента,2013-03-30 09:03,30.356441,59.981211,Чай и кофе,Carte Noire,4333003781041508,5,290
Петрович,2013-12-01 17:51,30.485513,59.752786,Мебель для ванной,Sanita,4333003781041508,5,16000
Мастеровой,2020-02-07 20:01,30.313617,59.926086,Декоративные элементы,Pattex,4333003781041508,7,2200
Пятёрочка,2014-11-18 14:47,30.341081,59.968079,Хлеб и выпечка,Каравай,4211188550312652,5,55
VAG Club,2016-09-25 21:40,30.22647,59.996275,Автомобильные лампы и освещение,Hella,4211188550312652,12,1700
Porivay Suit,2019-06-23 23:43,30.356776,59.915184,Одежда для работы,Massimo Dutti,4211188550312652,5,9000
РеалЪ,2024-05-13 15:27,30.257359,60.010981,Продукты для диабетиков,Russell Stover,4211188550312652,40,720
PisterGSM,2014-02-25 12:50,30.36603,59.932429,Телевизоры,Toshiba,4475209893864275,26,33000
Сатурн,2018-10-22 17:01,30.285074,59.926201,Крепеж и метизы,Simpson Strong-Tie,4475209893864275,7,4700
Elny,2018-12-28 17:36,30.343427,59.926674,Аксессуары,Saint Laurent,4475209893864275,5,50000
OBI,2017-05-05 23:55,30.146803,59.993579,Инструменты и оборудование,Kobalt,4475209893864275,5,17000
Дизель спот,2014-06-18 17:13,30.235619,59.993021,Автоинструменты и оборудование,Astro Pneumatic,5432113704400408,5,11000
Дизель спот,2022-04-29 12:54,30.468788,59.960016,Автозвук и мультимедиа,Blaupunkt,5432113704400408,24,11000
StoreDima,2017-03-11 21:15,30.32422,59.929012,Программное обеспечение,IBM,5432113704400408,24,220000
М-Стерео,2019-12-04 16:02,30.355453,59.938372,Программируемые устройства,Texas Instruments,5432113704400408,15,4200
Мастеровой,2021-04-10 13:11,30.314396,59.926407,Напольные покрытия,BerryAlloc,5458075783432786,5,1800
Максидом,2016-03-20 18:57,30.36521,59.811704,Герметики и монтажная пена,Soudal,5458075783432786,5,350
GATE31,2024-07-20 23:43,30.346968,59.918223,Сумки и рюкзаки,Furla,5458075783432786,24,65000
Дикси,2020-12-25 22:35,30.342309,59.946957,Соусы и приправы,Heinz,5458075783432786,30,150
Магнит,2013-03-03 21:39,30.34561,59.917765,Алкогольные напитки,Grey Goose,5483515928687709,5,3000
Elny,2023-07-30 15:27,30.378346,59.925845,Перчатки и шарфы,Chanel,5483515928687709,38,28000
М.Видео,2012-11-15 13:37,30.404724,59.863295,Системы безопасности,Axis Communications,5483515928687709,30,30000
Eurospar,2023-09-27 10:14,30.317453,59.977141,Диетические продукты,Nature's Bounty,4893496364785115,5,1800
Азбука вкуса,2021-03-28 14:07,30.14606,59.994265,Детское питание,Bellamy's,4893496364785115,5,180
GATE31,2012-04-02 19:40,30.344614,59.930422,Одежда для йоги,Gaiam,4893496364785115,43,4000
Сатурн,2012-01-17 12:49,30.370351,59.927948,Сантехника,Blanco,4893496364785115,8,20000
Максидом,2020-10-24 08:37,30.386777,60.004162,Отделочные материалы,Gyproc,5479493607397991,20,4800
Лента,2023-10-25 11:45,30.439173,59.989717,Безалкогольные напитки,Snapple,5479493607397991,11,140
Магнит,2019-12-07 11:23,30.372347,59.935922,Продукты для диабетиков,Good Dee's,5472141444418760,13,700
Лемана Про,2017-03-04 14:47,30.301495,60.003961,Отделочные материалы,Atlas,5472141444418760,13,4100
Автотрейд,2020-05-04 11:19,30.382332,59.889032,Системы охлаждения,CSF Radiators,5484051360299704,5,12000
Babochka,2024-09-21 16:24,30.373729,59.927942,Эко-одежда,Toad&Co,5484051360299704,24,8500
Porivay Suit,2016-09-11 08:07,30.348972,59.914947,Свитера и кардиганы,Levi's,5484051360299704,36,6000
StoreDima,2012-12-13 16:42,30.32422,59.929012,Устройства умного дома,August,4195405520892529,17,25000
Babochka,2014-04-21 11:15,30.328896,59.793756,Одежда для йоги,Under Armour,4195405520892529,5,5000
СтройХаус,2014-07-27 21:04,30.482775,60.002994,Герметики и монтажная пена,Moment,4195405520892529,5,340
DNS,2024-07-21 18:07,30.354146,59.932125,Дроны и робототехника,PowerVision,4195405520892529,26,70000
РеалЪ,2024-11-13 18:12,30.282386,60.005763,Товары для выпечки,Swans Down,5149083503805458,8,130
Мастеровой,2017-02-04 20:08,30.313617,59.926086,Изоляционные материалы,Thinsulate,5149083503805458,34,2200
Авто Стори,2013-07-16 14:52,30.47283,59.885293,Автоинструменты и оборудование,TEKTON,5149083503805458,28,10000
М-Стерео,2015-07-01 08:54,30.355453,59.938372,Ноутбуки,Toshiba,4276199113981941,5,55000
Дизель спот,2019-05-15 16:12,30.235619,59.993021,Шины и диски,Continental,4276199113981941,5,11500
Авто Стори,2019-03-11 11:11,30.47283,59.885293,Автозвук и мультимедиа,Pioneer,4276199113981941,41,15000
Ашан,2014-11-04 13:54,30.457308,59.778,Алкогольные напитки,Jägermeister,4276199113981941,5,1700
PisterGSM,2020-01-24 10:06,30.36603,59.932429,Смартфоны и мобильные телефоны,Vivo,4276199113981941,13,32000
Лента,2012-06-19 20:35,30.393534,59.987134,Бакалея,Hercules,5488377360469590,5,120
Телемаркет24,2013-10-25 08:33,30.473981,59.946175,Настольные компьютеры,NZXT,5488377360469590,26,105000
GATE31,2020-09-20 20:58,30.344614,59.930422,Рубашки и блузы,Levi's,5488377360469590,15,2800
VAG Club,2020-11-13 16:02,30.444139,60.000501,Электрооборудование,Bosch,5488377360469590,30,15000
РеалЪ,2017-01-13 13:37,30.372383,59.829883,Молочные продукты,Valio,4276080437947460,5,95
Ситилинк,2021-11-21 17:37,30.310314,59.966564,Планшеты,Fusion5,4276080437947460,20,14000
Сатурн,2013-05-13 14:24,30.334153,59.946841,Декоративные элементы,3M,4245437272565640,5,2100
Телемаркет24,2023-09-22 16:23,30.483717,59.908292,Компьютерные периферийные устройства,Creative,4245437272565640,5,12000
GATE31,2012-12-08 14:15,30.344614,59.930422,Джинсы и брюки,Lee,4245437272565640,5,4500
Перекрёсток,2015-09-19 15:45,30.368982,59.810165,Готовые блюда,Сытый папа,4245437272565640,5,220
Мастеровой,2014-11-24 13:31,30.313991,59.926244,Вентиляция и кондиционирование,Toshiba,4274397126873605,20,115000
Петрович,2013-09-18 11:41,30.165382,59.809835,Крепеж и метизы,Kreg,4274397126873605,27,3800
Сатурн,2017-05-14 17:32,30.392081,59.889243,Сантехника,Vitra,4274397126873605,5,14000
Максидом,2024-03-11 20:13,30.38423,60.002149,Садовая техника,Toro,4274397126873605,28,70000
Мастеровой,2020-06-17 15:53,30.314396,59.926407,Системы отопления,Navien,5176479811126417,15,95000
Лента,2012-07-20 16:14,30.439173,59.989717,Детское питание,Aptamil,5176479811126417,22,165
Barleone,2025-04-18 11:10,30.293232,59.959192,Одежда для сна,Calvin Klein,5149081846196744,5,4500
Максидом,2013-11-03 12:43,30.36521,59.811704,Системы отопления,Beretta,4023121747111533,5,85000
DreamWhite,2018-08-09 19:14,30.359178,59.938404,Белье и ночные сорочки,Stella McCartney,4584930246816687,15,8000
РеалЪ,2012-03-01 23:42,30.414431,59.94991,Хлеб и выпечка,Хлебный дом,4584930246816687,5,65
Афоня,2018-08-06 16:10,30.345275,59.939053,Вентиляция и кондиционирование,Midea,4584930246816687,5,88000
Babochka,2014-11-29 10:25,30.373729,59.927942,Платья и юбки,Sinsay,5342604352961530,18,2500
Пятёрочка,2019-04-02 05:37,30.312851,59.903847,Фрукты и овощи,Melissa's Produce,5342604352961530,23,300
Дикси,2022-06-20 09:59,30.356094,59.927022,Диетические продукты,Met-Rx,5342604352961530,16,1900
VAG Club,2015-11-05 16:44,30.444139,60.000501,Автомобильные аптечки и аварийные наборы,АВТОМАШ,5342604352961530,5,3000
GATE31,2013-07-19 12:22,30.360159,59.943736,Домашняя одежда,Jockey,5570714376191524,12,1700
Мастеровой,2022-09-15 14:23,30.313617,59.926086,Отделочные материалы,Atlas,5570714376191524,29,4100
Авто Стори,2025-02-19 14:37,30.385865,59.892103,Автосигнализации и охранные системы,Pandora,4333165089137313,17,25000
OBI,2019-04-06 21:03,30.382358,60.089826,Герметики и монтажная пена,Den Braven,4333165089137313,10,370
Азбука вкуса,2012-03-11 17:30,30.359189,59.931679,Фрукты и овощи,Love Beets,5213240358559608,5,290
VAG Club,2021-06-11 13:33,30.22647,59.996275,Автомобильные аксессуары,Goodyear,5213240358559608,5,3000
ТехноНИКОЛЬ,2015-01-11 11:30,30.526859,59.620811,Отделочные материалы,Rigips,5213240358559608,26,4700
Перекрёсток,2019-08-03 18:15,30.496651,59.91765,Хлеб и выпечка,Семейный хлеб,5213240358559608,5,60
GATE31,2020-09-17 17:34,30.344614,59.930422,Одежда для беременных,H&M,4045862097769462,5,3000
Автотрейд,2023-09-04 19:54,30.382569,59.889669,Системы охлаждения,CSF Radiators,5341626780650779,20,12000
Porivay Suit,2012-10-03 19:25,30.356776,59.915184,Аксессуары,Chanel,5341626780650779,24,65000
ТехноНИКОЛЬ,2013-09-18 16:03,30.433004,59.898045,Изоляционные материалы,Ravatherm,5341626780650779,20,1300
GATE31,2018-02-24 13:20,30.354525,59.98708,Мужская одежда,Levi's,5488376937219503,5,8000
OBI,2017-07-18 13:06,30.349319,59.871277,Кровельные материалы,Metrotile,5488376937219503,26,3000
Elny,2017-04-24 19:57,30.409664,59.928271,Свитера и кардиганы,Zara,5488376937219503,5,4000
DreamWhite,2016-10-25 11:37,30.332892,59.792867,Домашняя одежда,Under Armour,5488376937219503,29,2900
restore,2023-10-21 09:49,30.367769,60.033526,Аудиооборудование,Philips,5221930411727483,20,28000
Дикси,2021-05-26 15:06,30.31172,59.927613,Молочные продукты,Campina,5221930411727483,23,85
Elny,2022-08-23 14:04,30.14755,59.581967,Одежда для особых случаев,Marchesa,5221930411727483,5,260000
Автотрейд,2014-03-01 13:26,30.382569,59.889669,Трансмиссии,Aisin,5221930411727483,6,140000
DNS,2013-01-10 19:49,30.347312,59.929048,Смартфоны и мобильные телефоны,OnePlus,5221930411727483,5,40000
Barleone,2015-05-13 14:25,30.293232,59.959192,Домашняя одежда,Lacoste,4023112807350550,53,3200
Автотрейд,2018-05-15 22:33,30.382569,59.889669,Автозвук и мультимедиа,Audison,4023112807350550,26,19000
Афоня,2024-09-15 16:31,30.465252,59.880264,Лестницы и стремянки,FACAL,4023112807350550,5,9000
Петрович,2018-09-12 13:42,30.165382,59.809835,Крепеж и метизы,Bosch,4760360628387182,5,4200
Elny,2020-01-15 21:40,30.378002,59.83122,Часы и украшения,Honor,4760360628387182,42,27000
Дизель спот,2021-05-16 17:11,30.235619,59.993021,Автомобильные аксессуары,Pioneer,4760360628387182,30,8000
Porivay Suit,2020-05-14 19:22,30.348972,59.914947,Спортивные костюмы,Everlast,4760360628387182,26,6500
Автотрейд,2023-07-14 23:40,30.382332,59.889032,Автомобильные масла и жидкости,Petronas,4760360628387182,5,2600
Дон Телефон,2021-08-20 10:36,30.321769,59.927084,Настольные компьютеры,Maingear,5469354231339139,5,130000
Porivay Suit,2018-05-21 17:57,30.348972,59.914947,Одежда для работы,Massimo Dutti,5469354231339139,5,9000
Eurospar,2019-07-15 20:21,30.317453,59.977141,Напитки,Perrier,5469354231339139,47,110
Максидом,2022-12-13 11:09,30.36521,59.811704,Поливочные системы,Aqua Joe,5469354231339139,5,10000
DreamWhite,2023-02-15 16:42,30.304204,59.960815,Рубашки и блузы,J.Crew,4023120054593250,5,3400
PisterGSM,2018-12-11 15:07,30.36603,59.932429,Телевизоры,Skyworth,4023120054593250,23,28000
Barleone,2018-06-26 18:38,30.293232,59.959192,Купальники и пляжная одежда,Quiksilver,4023120054593250,6,4600
ТехноНИКОЛЬ,2014-10-28 14:11,30.526859,59.620811,Изоляционные материалы,Steico,4652275984911642,18,1500
PisterGSM,2014-08-04 14:56,30.36603,59.932429,Аксессуары для мобильных устройств,Incipio,5482260291622946,26,5000
VAG Club,2012-08-27 18:53,30.444139,60.000501,Двигатели и компоненты,Hitachi,5104794165062683,7,105000
РеалЪ,2012-02-03 18:47,29.775097,59.907511,Сладости и десерты,Russell Stover,5104794165062683,29,320
Babochka,2020-01-27 19:23,30.418657,59.940382,Одежда для сна,Hanes,5104794165062683,5,1800
GATE31,2014-09-20 08:28,30.309594,59.964426,Белье и ночные сорочки,Oysho,5104794165062683,29,2000
Азбука вкуса,2022-06-18 20:39,30.34879,59.94209,Продукты для спортсменов,Gaspari Nutrition,5101263753712406,17,2800
Авто Стори,2023-09-26 11:55,30.385865,59.892103,Автосигнализации и охранные системы,Convoy,5101263753712406,26,10000
VAG Club,2019-10-05 19:24,30.444139,60.000501,Топливные системы,SMP,5101263753712406,36,10000
VAG Club,2014-06-18 17:17,30.22647,59.996275,Автомобильные аптечки и аварийные наборы,АВТОТОРГ,4432717000747735,5,2900
VAG Club,2023-07-31 19:58,30.444139,60.000501,Системы охлаждения,Behr Hella Service,5176470452891999,5,12000
VAG Club,2020-04-24 21:12,30.444139,60.000501,Шины и диски,Maxxis,5176470452891999,5,8000
Eurospar,2019-02-23 20:39,30.34903,59.945452,Соусы и приправы,Hellmann's,5176470452891999,31,140
Porivay Suit,2016-03-20 20:12,30.348972,59.914947,Спортивные костюмы,Puma,5176470452891999,5,8500
Мастеровой,2021-01-08 14:26,30.313617,59.926086,Электрика,Eaton,5176470452891999,14,4800
Авто Стори,2016-07-10 10:31,30.385865,59.892103,Системы охлаждения,Mahle,4612858861766191,18,13000
М-Стерео,2015-12-14 14:58,30.355453,59.938372,Дроны и робототехника,Syma,4612858861766191,16,15000
StoreDima,2014-03-18 19:29,30.32422,59.929012,Сетевое оборудование,Edimax,4612858861766191,11,4000
Дон Телефон,2018-09-13 21:53,30.320953,59.927913,Электронные книги,Onyx Boox,4023124295348681,35,15000
Дон Телефон,2013-09-21 09:41,30.320953,59.927913,Носимая электроника,Michael Kors,4023124295348681,5,30000
Автотрейд,2023-04-21 14:10,30.382569,59.889669,Автомобильные аксессуары,Michelin,4023124295348681,15,2500
Дизель спот,2023-04-14 19:44,30.468788,59.960016,Автосигнализации и охранные системы,Scher-Khan,4023124295348681,15,22000
Петрович,2024-02-04 18:35,30.417173,59.861651,Отделочные материалы,Paradyz,4023124295348681,18,6000
restore,2019-02-19 22:25,30.355066,59.987391,Офисная техника,Epson,5469563897299452,42,28000
Дикси,2017-12-12 12:53,30.351978,59.963083,Продукты для вегетарианцев,Sweet Earth,5469563897299452,8,360
Ситилинк,2017-04-10 18:23,30.236852,59.947941,Батарейки и зарядные устройства,Belkin,5469563897299452,46,500
VAG Club,2016-11-24 21:15,30.22647,59.996275,Двигатели и компоненты,Motorcraft,5469563897299452,20,95000
Ашан,2021-03-29 10:11,30.350945,59.869174,Сладости и десерты,Perfetti Van Melle,4333165434901444,12,220
М-Стерео,2020-05-16 14:36,30.367216,59.935317,Носимая электроника,Withings,4333165434901444,11,27000
GATE31,2015-11-15 14:31,30.319385,59.930106,Одежда для работы,Ralph Lauren,4333165434901444,6,14000
Babochka,2014-02-27 14:52,30.336152,59.802006,Перчатки и шарфы,Michael Kors,4333165434901444,8,16000
Дизель спот,2017-09-06 15:52,30.235619,59.993021,Шины и диски,Bridgestone,4333165434901444,5,11000
VAG Club,2020-10-11 15:08,30.444139,60.000501,Автомобильные лампы и освещение,Jahn,4245443054594041,5,1200
Дизель спот,2024-06-24 12:35,30.444036,59.950531,Автозвук и мультимедиа,Kenwood,4245443054594041,5,14000
М-Стерео,2012-01-22 21:51,30.355453,59.938372,Автоэлектроника,Infinity,4245443054594041,5,16000
GATE31,2013-12-19 17:41,30.309594,59.964426,Эко-одежда,Threads 4 Thought,4245443054594041,9,7000
VAG Club,2025-03-05 13:40,30.444139,60.000501,Автомобильные масла и жидкости,Amsoil,4245443054594041,13,3200
Автотрейд,2013-01-21 16:33,30.235785,59.992793,Подвеска и рулевое управление,Proforged,5484287359601742,5,13500
Babochka,2014-12-17 08:26,30.373729,59.927942,Одежда для работы,Ann Taylor,4258855395500027,5,8500
StoreDima,2015-04-19 16:36,30.32422,59.929012,Принтеры и сканеры,Panasonic,5484565262151108,5,21000
СтройХаус,2023-12-16 22:30,30.478379,60.015703,Окна и двери,Salamander,5484565262151108,5,29000
Авто Стори,2017-02-13 22:26,30.385865,59.892103,Двигатели и компоненты,Siemens VDO,5484565262151108,5,125000
OBI,2018-05-07 23:41,30.349319,59.871277,Напольные покрытия,Unilin,5479353628352514,5,1600
Лента,2020-06-13 14:25,30.362929,59.831652,Безалкогольные напитки,Monster,5479353628352514,54,160
Дизель спот,2023-11-23 15:25,30.468788,59.960016,Подвеска и рулевое управление,Dorman,4762060750205179,36,9500
М.Видео,2015-05-21 14:49,30.23089,59.938396,Батарейки и зарядные устройства,Rayovac,5500647837281025,14,370
Barleone,2018-02-14 21:04,30.293232,59.959192,Одежда больших размеров,City Chic,5500647837281025,17,4700
Porivay Suit,2015-06-02 09:41,30.356776,59.915184,Джинсы и брюки,Ralph Lauren,5500647837281025,29,9500
VAG Club,2017-03-19 15:40,30.444139,60.000501,Трансмиссии,LUK,5257780155289947,5,115000
Авто Стори,2020-01-06 19:55,30.47283,59.885293,Тормозные системы,Meyle,5257780155289947,5,9000
Лента,2018-04-23 11:57,30.227901,59.98466,Напитки,Red Bull,5257780155289947,5,150
Дон Телефон,2016-08-19 15:33,30.321769,59.927084,Электронные книги,Barnes & Noble,4023123303776846,17,10000
Афоня,2017-09-28 19:21,30.352663,59.833633,Керамическая плитка,Italon,4023124095813181,5,1800
Elny,2015-10-23 22:04,30.34682,59.832252,Спортивная одежда,Saucony,5536918141210826,36,6600
Авто Стори,2025-01-08 22:46,30.47283,59.885293,Автосигнализации и охранные системы,Steel Mate,5536918141210826,5,20000
Barleone,2024-10-28 17:24,30.293232,59.959192,Одежда больших размеров,Woman Within,5536918141210826,14,3600
Автотрейд,2015-02-03 18:20,30.382569,59.889669,Автосигнализации и охранные системы,Tomahawk,5469535015598808,5,16000
OBI,2018-07-20 12:15,30.382358,60.089826,Строительные материалы,BASF,5469535015598808,31,3900
Мастеровой,2013-08-11 07:05,30.313617,59.926086,Поливочные системы,Dramm,5469535015598808,39,10500
СтройХаус,2022-12-31 08:31,30.478379,60.015703,Изоляционные материалы,Foamular,5469535015598808,26,1600
Elny,2019-08-27 10:15,30.362365,59.933929,Костюмы и пиджаки,Armani,5469535015598808,17,70000
Авто Стори,2013-09-20 11:53,30.385865,59.892103,Шины и диски,Toyo,5522125806308144,20,8500
Телемаркет24,2020-02-20 10:24,30.205425,59.989928,Носимая электроника,Casio,4874459622062456,5,20000
Дизель спот,2019-03-29 10:08,30.444036,59.950531,Топливные системы,Valeo,4874459622062456,5,9500
DreamWhite,2021-07-16 11:22,30.359178,59.938404,Одежда для сна,Lunya,4245437878426453,5,6000
Babochka,2017-01-21 20:04,29.872112,60.171461,Спортивная одежда,Lululemon,4245437878426453,5,9500
OBI,2017-09-16 15:44,30.316835,59.824291,Крепеж и метизы,TOX,4245437878426453,40,3200
VAG Club,2024-11-28 20:37,30.22647,59.996275,Двигатели и компоненты,BorgWarner,4245437878426453,9,140000
Афоня,2012-04-12 18:05,30.257194,59.952773,Садовая техника,Snapper,4245437878426453,5,55000
Ситилинк,2023-11-04 18:59,30.236852,59.947941,Устройства умного дома,August,5479027936103477,5,25000
VAG Club,2022-06-03 09:40,30.22647,59.996275,Электрооборудование,TRW,5479027936103477,35,9000
Ситилинк,2019-09-16 19:38,30.497893,59.944686,Электронные книги,Kobo,5479027936103477,5,9000
Дизель спот,2024-07-18 21:09,30.468788,59.960016,Двигатели и компоненты,Continental,5479027936103477,39,130000
Porivay Suit,2021-02-08 15:26,30.356776,59.915184,Женская одежда,Reformation,5479027936103477,5,5500
Мастеровой,2018-10-22 21:14,30.314396,59.926407,Садовая техника,Black+Decker,4023110730124974,15,45000
Дизель спот,2024-06-22 17:10,30.468788,59.960016,Автоинструменты и оборудование,Sunex,4023110730124974,7,8000
Автотрейд,2019-08-15 12:53,30.382332,59.889032,Топливные системы,Pierburg,4023110730124974,5,10000
Авто Стори,2017-09-27 16:02,30.47283,59.885293,Шины и диски,Continental,4023110730124974,21,11500
Максидом,2023-12-07 13:27,30.38423,60.002149,Изоляционные материалы,Izovol,4154813825635633,8,1000
PisterGSM,2013-03-22 22:47,30.36603,59.932429,Принтеры и сканеры,Dymo,5209540175213438,7,18000
ТехноНИКОЛЬ,2021-05-09 11:10,30.282577,60.073813,Садовый декор,Sunnydaze Decor,5209540175213438,5,17000
Петрович,2019-12-14 15:04,30.156687,59.585744,Инструменты и оборудование,Hitachi,5209540175213438,5,21000
М.Видео,2019-10-02 23:25,30.350111,59.870237,Аудиооборудование,Denon,6768883885845450,8,45000
Автотрейд,2023-08-27 17:54,30.382332,59.889032,Электрооборудование,Beru,6768883885845450,5,7500
Barleone,2012-08-31 11:34,30.293232,59.959192,Спортивные костюмы,Reebok,6768883885845450,23,8000
Афоня,2022-06-04 11:17,30.345783,60.093526,Садовая техника,Echo,5488426008439678,13,60000
PisterGSM,2013-02-15 17:07,30.36603,59.932429,Накопители данных,Samsung,5488426008439678,17,7000
Магнит,2017-12-21 17:11,30.315741,59.903477,Сладости и десерты,Chupa Chups,4670586645444935,8,150
PisterGSM,2013-01-03 15:49,30.36603,59.932429,Программное обеспечение,Microsoft,4670586645444935,24,150000
restore,2024-06-16 22:56,30.360196,59.927591,Сетевые сервисы и подписки,Box,4670586645444935,17,6000
VAG Club,2012-09-29 20:10,30.444139,60.000501,Двигатели и компоненты,ACDelco,4279328295820680,18,80000
СтройХаус,2020-06-28 13:38,30.372729,59.95475,Изоляционные материалы,Izovol,4279328295820680,20,1000
М-Стерео,2018-05-28 15:27,30.355453,59.938372,Сетевое оборудование,Aruba,4279328295820680,7,14000
VAG Club,2017-12-15 22:15,30.444139,60.000501,Тормозные системы,Carbone Lorraine,4279328295820680,7,13000
Elny,2022-04-28 16:23,30.14755,59.581967,Мужская одежда,Tommy Hilfiger,4279328295820680,31,9000
Ситилинк,2014-01-12 22:51,30.448774,60.031971,Мониторы,Sharp,4760360530513355,8,32000
Мастеровой,2020-11-14 18:20,30.314396,59.926407,Электрика,Eaton,5209549601536244,10,4800
Babochka,2014-09-06 17:57,30.329989,59.935103,Обувь,Converse,5209549601536244,9,5500
Ситилинк,2016-01-17 22:56,30.384687,59.830638,Принтеры и сканеры,Zebra,5209549601536244,23,22000
Elny,2020-11-19 22:59,30.361476,59.932748,Эко-одежда,Outerknown,5209549601536244,45,16000
DreamWhite,2022-12-31 21:53,30.332892,59.792867,Эко-одежда,Thought,5209549601536244,5,9000
Афоня,2017-06-04 13:52,30.349203,60.05041,Кровельные материалы,Isola,4258853855812627,5,2300
Дизель спот,2017-01-28 13:25,30.235619,59.993021,Электрооборудование,NGK,4258853855812627,5,9000
Перекрёсток,2014-08-18 01:45,30.287316,59.966662,Здоровое питание,Eat Natural,4258853855812627,5,300
СтройХаус,2024-01-29 21:49,30.44978,60.036823,Поливочные системы,Rain Bird,4258853855812627,10,14000
VAG Club,2016-01-26 15:00,30.444139,60.000501,Электрооборудование,Mitsubishi Electric,4245627337039538,31,16000
Дикси,2018-08-28 10:29,30.286534,59.921631,Фрукты и овощи,NatureSweet,4245627337039538,10,270
VAG Club,2016-04-12 23:56,30.22647,59.996275,Топливные системы,Airtex,5496008118554193,25,8500
Ситилинк,2013-09-22 15:57,30.497893,59.944686,Игровые консоли и аксессуары,8BitDo,5496008118554193,5,7000
Авто Стори,2014-11-05 12:55,30.385865,59.892103,Двигатели и компоненты,NTN,5496008118554193,5,75000
DreamWhite,2021-12-13 21:24,30.370335,59.938003,Эко-одежда,Amour Vert,5496008118554193,10,14000
DreamWhite,2014-08-29 20:01,30.304204,59.960815,Одежда для дома,Uniqlo,5496008118554193,11,1800
Дон Телефон,2015-06-21 09:46,30.320953,59.927913,Электронные книги,Amazon,5341710333102778,23,12000
Babochka,2015-12-03 09:09,29.872112,60.171461,Обувь,Dr. Martens,5341710333102778,31,9500
Дизель спот,2020-01-29 15:46,30.235619,59.993021,Автомобильные лампы и освещение,Lumen,5341710333102778,5,1500
Перекрёсток,2012-02-17 08:35,30.228791,60.017448,Мясо и птица,Мясницкий ряд,5341710333102778,5,410
Сатурн,2020-02-21 23:38,30.352088,59.996967,Системы безопасности,Nest,5341710333102778,55,35000
VAG Club,2014-07-02 12:50,30.444139,60.000501,Автомобильные масла и жидкости,Quaker State,4245440341312719,10,2200
OBI,2022-03-16 12:20,30.349319,59.871277,Освещение,Eaton,4245440341312719,17,2200
Лента,2018-08-29 17:05,30.342121,59.95786,Здоровое питание,Greenfield,4658824592161402,5,200
Дизель спот,2020-05-16 15:57,30.444036,59.950531,Шины и диски,Michelin,4658824592161402,14,12000
Лемана Про,2013-07-02 13:00,30.390059,60.055245,Вентиляция и кондиционирование,Sakata,4658824592161402,5,60000
Сатурн,2020-11-13 18:19,30.367789,59.874853,Садовая мебель,Fermob,4658824592161402,6,45000
PisterGSM,2018-11-06 14:07,30.36603,59.932429,Устройства умного дома,Amazon,4658824592161402,47,35000
restore,2018-02-27 21:31,30.301078,60.005219,Программное обеспечение,Corel,5483870648829828,42,80000
VAG Club,2016-08-25 15:46,30.444139,60.000501,Системы охлаждения,Stant,5483870648829828,32,10000
Ситилинк,2015-04-09 14:16,30.318437,59.787778,Устройства виртуальной и дополненной реальности,Samsung,5483870648829828,10,30000
Дон Телефон,2018-08-10 19:44,30.321769,59.927084,Мелкая бытовая техника,Panasonic,5483870648829828,21,16000
Eurospar,2018-11-03 14:51,30.317453,59.977141,Орехи и сухофрукты,Сибирский кедр,5483870648829828,5,600
Дон Телефон,2017-04-06 20:04,30.321769,59.927084,Настольные компьютеры,Asus,5484034231124677,31,75000
Магнит,2015-01-07 22:50,30.484521,59.899034,Мясо и птица,Атяшевский мясокомбинат,5484034231124677,5,530
Авто Стори,2012-08-12 11:50,30.47283,59.885293,Шины и диски,Nexen,5484034231124677,5,7000
М-Стерео,2018-10-12 20:00,30.367216,59.935317,Фото- и видеокамеры,Fujifilm,5458077070602973,36,45000
Пятёрочка,2024-03-15 13:19,30.307346,59.961332,Чай и кофе,Illy,5458077070602973,5,350
М-Стерео,2018-09-27 22:35,30.355453,59.938372,Автоэлектроника,Kenwood,5458077070602973,34,14000
Сатурн,2015-10-21 16:27,30.478427,59.858923,Садовый декор,Red Carpet Studios,5458077070602973,25,13000
PisterGSM,2019-08-12 17:26,30.36603,59.932429,Телевизоры,Hisense,5458077070602973,66,30000
OBI,2012-04-27 12:55,30.382358,60.089826,Окна и двери,Maco,4245427400914099,13,28000
Дизель спот,2019-09-24 16:05,30.235619,59.993021,Автозвук и мультимедиа,Infinity,4245427400914099,5,15000
Сатурн,2021-10-24 20:05,30.351693,59.941615,Изоляционные материалы,Ravatherm,5183635815058060,36,1300
Максидом,2019-01-23 16:15,30.38423,60.002149,Вентиляция и кондиционирование,Haier,5183635815058060,8,85000
VAG Club,2018-04-23 14:29,30.444139,60.000501,Автоинструменты и оборудование,Astro Pneumatic,5183635815058060,8,11000
Дизель спот,2023-12-26 14:18,30.235619,59.993021,Автоинструменты и оборудование,TEKTON,4023119263344044,18,10000
Дикси,2015-08-11 22:20,30.335883,59.923698,Орехи и сухофрукты,Фруктовая Энергия,6764213757621878,30,450
Максидом,2018-03-21 21:35,30.267628,59.95185,Отделочные материалы,Caparol,6764213757621878,11,4700
СтройХаус,2020-10-03 13:59,30.436413,59.946501,Герметики и монтажная пена,Tytan,6764213757621878,5,330
РеалЪ,2020-11-16 19:54,30.395134,59.739688,Диетические продукты,Quest Nutrition,5476014078277472,26,1700
Петрович,2013-05-02 14:47,30.485513,59.752786,Строительные материалы,Gyproc,5476014078277472,48,3500
GATE31,2017-08-15 17:37,30.346968,59.918223,Одежда для сна,Eberjey,5476014078277472,24,5000
Babochka,2012-05-31 14:20,30.336152,59.802006,Сумки и рюкзаки,Longchamp,5469624601847033,35,60000
Максидом,2013-10-30 21:48,30.267628,59.95185,Декоративные элементы,Leroy Merlin,6768515507816135,5,1200
DreamWhite,2024-05-24 14:39,30.304204,59.960815,Белье и ночные сорочки,La Perla,6768515507816135,5,10000
GATE31,2012-11-23 16:45,30.354525,59.98708,Часы и украшения,Lenovo,6768515507816135,5,18000
Авто Стори,2012-01-22 19:03,30.385865,59.892103,Подвеска и рулевое управление,Bilstein,6768515507816135,23,15000
Перекрёсток,2021-06-07 17:45,30.228791,60.017448,Рыба и морепродукты,Морской котик,5458076499022016,5,510
DNS,2016-09-27 23:06,30.38151,59.702543,Офисная техника,Ricoh,5458076499022016,5,33000
Автотрейд,2013-07-16 14:30,30.235785,59.992793,Автоинструменты и оборудование,Blue-Point,5458076499022016,17,16000
Дизель спот,2018-04-30 12:20,30.235619,59.993021,Двигатели и компоненты,Hella,5458076499022016,15,85000
StoreDima,2017-07-23 11:11,30.32422,59.929012,Автоэлектроника,JL Audio,4908550815540462,38,20000
Elny,2016-06-15 21:31,30.293474,59.960791,Платья и юбки,Urban Outfitters,4908550815540462,5,6000
Barleone,2014-01-01 12:32,30.293232,59.959192,Купальники и пляжная одежда,Billabong,4908550815540462,39,5000
Максидом,2014-12-06 14:59,30.386777,60.004162,Электрика,Feron,4908550815540462,28,2200
GATE31,2024-05-12 08:43,30.309594,59.964426,Джинсы и брюки,Diesel,4226087489334608,7,8000
ТехноНИКОЛЬ,2024-06-15 10:33,30.282577,60.073813,Садовая техника,Sun Joe,4226087489334608,5,40000
Дизель спот,2018-06-24 21:31,30.235619,59.993021,Автоинструменты и оборудование,Milwaukee,5479442425592807,5,17000
Porivay Suit,2024-09-16 21:25,30.348972,59.914947,Спортивные костюмы,Lonsdale,5479442425592807,7,6500
Elny,2013-07-14 17:47,30.359647,59.947369,Одежда для работы,Banana Republic,4245430058334818,5,9000
Лемана Про,2024-02-09 22:25,30.236232,60.038227,Лестницы и стремянки,Hailo,4245430058334818,25,16000
Авто Стори,2020-04-18 09:48,30.47283,59.885293,Двигатели и компоненты,Gates,4245430058334818,12,90000
РеалЪ,2017-02-12 13:45,30.42266,59.953941,Соусы и приправы,Lea & Perrins,4245430058334818,5,170
Дон Телефон,2022-11-29 13:22,30.320953,59.927913,Фото- и видеокамеры,Ricoh,5268239707859293,40,35000
Barleone,2020-01-14 11:01,30.293232,59.959192,Эко-одежда,Reformation,5268239707859293,23,18000
Barleone,2014-10-26 07:07,30.293232,59.959192,Часы и украшения,Motorola,5268239707859293,45,22000
Дизель спот,2022-08-09 14:02,30.235619,59.993021,Автомобильные аксессуары,WeatherTech,4245435600567611,7,7000
Сатурн,2015-03-23 11:35,30.128095,59.995286,Садовая мебель,ScanCom,4245435600567611,5,38000
OBI,2020-03-17 18:52,30.518781,59.894747,Системы отопления,De Dietrich,4245435600567611,5,125000
GATE31,2018-08-31 13:34,30.346968,59.918223,Головные уборы,Supreme,4245435600567611,14,4000
Дизель спот,2024-03-01 19:09,30.468788,59.960016,Двигатели и компоненты,Continental,5176470384632446,5,130000
Barleone,2024-12-14 08:02,30.293232,59.959192,Перчатки и шарфы,Fendi,5176470384632446,40,24000
Азбука вкуса,2023-03-18 15:29,30.359189,59.931679,Безалкогольные напитки,Sprite,5176470384632446,5,90
PisterGSM,2019-11-07 13:17,30.36603,59.932429,Офисная техника,Dell,5176470384632446,36,42000
Дизель спот,2022-10-08 22:50,30.235619,59.993021,Двигатели и компоненты,BorgWarner,5176470384632446,5,140000
Babochka,2019-02-17 11:48,30.336152,59.802006,Спортивная одежда,Puma,4023128854674514,13,6000
Сатурн,2020-04-01 15:17,30.334153,59.946841,Системы отопления,ACV,4023128854674514,64,110000
VAG Club,2022-03-13 22:48,30.22647,59.996275,Шины и диски,Nokian,4023128854674514,5,11000
Автотрейд,2017-09-25 09:45,30.169871,59.815811,Двигатели и компоненты,Bosch,4023128854674514,5,120000
СтройХаус,2014-09-15 17:00,30.372729,59.95475,Лестницы и стремянки,Louisville,4279229633677440,5,8500
DreamWhite,2016-03-25 18:13,30.370335,59.938003,Свитера и кардиганы,Levi's,4279229633677440,5,6000
Babochka,2016-04-17 23:58,30.373729,59.927942,Одежда для дома,Bershka,4279229633677440,5,1600
Дикси,2016-10-28 06:16,30.301414,59.903764,Органические продукты,Back to Nature,4245431375917640,8,150
Мастеровой,2012-08-02 16:30,30.313617,59.926086,Краски и лаки,Sherwin-Williams,4245431375917640,13,2700
restore,2012-05-26 17:38,30.320493,59.926461,Телевизоры,Westinghouse,5479108846638474,49,23000
Barleone,2014-10-10 13:10,30.293232,59.959192,Купальники и пляжная одежда,L*Space,5479108846638474,5,5300
Дизель спот,2022-05-03 13:30,30.468788,59.960016,Подвеска и рулевое управление,Blueprint,5479108846638474,5,10000
Elny,2023-10-26 18:40,30.34682,59.832252,Сумки и рюкзаки,Prada,5586728267638398,5,170000
GATE31,2019-10-14 19:06,30.344614,59.930422,Одежда для особых случаев,Marchesa,5586728267638398,6,260000
М.Видео,2020-10-16 15:39,30.317384,59.977066,Кабели и адаптеры,ASUS,5586728267638398,23,1900
Лента,2018-05-28 01:35,30.333871,59.89798,Замороженные продукты,Klondike,5586728267638398,15,300
Eurospar,2012-04-28 00:03,30.300629,59.96729,Супы и бульоны,Pacific Foods,4276541890189552,5,220
Barleone,2016-04-15 17:39,30.293232,59.959192,Мужская одежда,Columbia,5291601803925837,21,7500
VAG Club,2022-11-16 11:33,30.444139,60.000501,Электрооборудование,NGK,5291601803925837,18,9000
Porivay Suit,2017-03-25 14:01,30.348972,59.914947,Головные уборы,Lacoste,5308273891648903,13,3300
GATE31,2016-07-24 12:18,30.345298,59.930685,Рубашки и блузы,Ted Baker,5308273891648903,5,4600
Дизель спот,2014-11-29 07:09,30.444036,59.950531,Системы охлаждения,Koyo,4279728757344727,5,13000
Porivay Suit,2021-05-16 11:41,30.356776,59.915184,Головные уборы,Zara,4279728757344727,26,1600
restore,2015-03-25 20:12,30.317006,59.820927,Электронные книги,Barnes & Noble,4279728757344727,27,10000
Автотрейд,2025-02-24 20:32,30.382332,59.889032,Трансмиссии,Allison Transmission,4279728757344727,14,160000
Barleone,2017-07-07 13:05,30.293232,59.959192,Одежда для беременных,Boohoo Maternity,4279728757344727,5,2800
СтройХаус,2021-09-26 20:01,30.249342,60.034898,Изоляционные материалы,Paroc,4023129250513790,37,1400
PisterGSM,2015-07-07 14:58,30.36603,59.932429,Носимая электроника,Skagen,4023129250513790,49,23000
VAG Club,2017-11-01 08:01,30.444139,60.000501,Двигатели и компоненты,Bosch,5104106362385333,5,120000
DNS,2016-02-08 12:51,30.335183,60.051509,Устройства умного дома,Ring,6768605235561811,5,30000
М.Видео,2018-06-13 16:21,30.437312,59.933146,Смартфоны и мобильные телефоны,Infinix,4724469545926957,5,15000
Eurospar,2024-11-10 14:17,30.34596,59.928669,Фрукты и овощи,Ocean Mist Farms,4724469545926957,5,240
Авто Стори,2014-04-29 10:37,30.385865,59.892103,Автосигнализации и охранные системы,Sobr,5193377928683420,5,19000
Авто Стори,2016-01-14 19:35,30.47283,59.885293,Автомобильные масла и жидкости,Fuchs,5193377928683420,5,2900
ТехноНИКОЛЬ,2023-04-18 16:43,30.433004,59.898045,Садовый инвентарь,Briggs & Stratton,5458079104485895,46,5700
Азбука вкуса,2016-10-10 14:27,30.34879,59.94209,Соусы и приправы,Grey Poupon,5458079104485895,15,200
Максидом,2019-01-03 17:28,30.36521,59.811704,Сантехника,Kaldewei,5458079104485895,15,23000
Дизель спот,2024-08-13 22:49,30.235619,59.993021,Трансмиссии,Valeo,5268237894548177,27,110000
Мастеровой,2015-10-16 16:52,30.314322,59.926366,Керамическая плитка,Cersanit,6761964132222125,5,1200
Elny,2025-02-04 16:58,30.257252,59.990067,Джинсы и брюки,Diesel,6761964132222125,5,8000
Barleone,2020-01-15 16:12,30.293232,59.959192,Детская одежда,Reebok,6761964132222125,5,3000
restore,2019-01-06 16:08,30.308129,59.963536,Системы безопасности,Vivint,6761964132222125,7,26000
Максидом,2022-06-25 17:02,30.38423,60.002149,Садовый инвентарь,Toro,6761964132222125,6,6200
Сатурн,2018-03-29 13:45,30.370351,59.927948,Краски и лаки,Eskaro,4245424150715383,18,2200
Дизель спот,2012-07-12 09:41,30.235619,59.993021,Подвеска и рулевое управление,Proforged,4245424150715383,5,13500
Porivay Suit,2017-08-24 12:01,30.356776,59.915184,Часы и украшения,UMIDIGI,4245424150715383,5,13000
Афоня,2016-09-20 12:35,30.345275,59.939053,Напольные покрытия,BerryAlloc,4245424150715383,5,1800
Лента,2024-01-02 17:13,30.435033,60.031442,Консервы,Флотский,4245424150715383,12,105
Азбука вкуса,2012-09-13 09:26,30.225444,59.942178,Продукты для вегетарианцев,Califia Farms,5498919904183121,26,210
Пятёрочка,2021-07-24 20:47,30.296316,59.92699,Безалкогольные напитки,Tropicana,6768886050515838,5,180
Barleone,2017-06-16 20:26,30.293232,59.959192,Одежда для работы,Dockers,5536915693349580,59,8000
Дизель спот,2014-04-25 16:58,30.235619,59.993021,Автомобильные масла и жидкости,Pennzoil,5536915693349580,7,2500
Сатурн,2018-09-16 08:04,30.285301,59.993934,Системы канализации,Uponor,5176478176463535,10,16000
GATE31,2019-11-24 12:39,30.360159,59.943736,Обувь,Dr. Martens,5176478176463535,25,9500
Ашан,2020-11-15 12:56,30.341063,59.913898,Органические продукты,Earth's Best,5176478176463535,5,140
Ашан,2016-03-10 18:23,30.341063,59.913898,Масла и жиры,Славянка,4276351021426510,11,135
Петрович,2014-12-25 19:47,30.343252,60.062117,Садовый декор,Plow & Hearth,4276351021426510,22,19000
Лента,2018-11-30 09:28,30.40236,60.011515,Молочные продукты,Tema,4276351021426510,5,70
Автотрейд,2014-03-27 13:54,30.382569,59.889669,Тормозные системы,AP Racing,4279944206318811,21,16000
StoreDima,2018-02-14 21:57,30.32422,59.929012,Автоэлектроника,Clarion,4279944206318811,30,12000
Лента,2014-05-10 06:56,30.452304,59.91683,Продукты для диабетиков,Russell Stover,4279944206318811,5,720
РеалЪ,2019-04-18 19:01,30.422474,59.942593,Готовые блюда,Hortex,4279944206318811,5,180
ТехноНИКОЛЬ,2016-10-06 10:58,30.282577,60.073813,Крепеж и метизы,Mungo,4279944206318811,5,3100
Авто Стори,2014-09-13 21:12,30.385865,59.892103,Автоинструменты и оборудование,Irwin,4207058466291127,5,8000
М-Стерео,2015-01-16 18:00,30.367216,59.935317,Игровые консоли и аксессуары,8BitDo,4207058466291127,5,7000
StoreDima,2012-10-08 10:09,30.32422,59.929012,Системы безопасности,Axis Communications,4207058466291127,15,30000
VAG Club,2019-12-11 09:50,30.444139,60.000501,Автозвук и мультимедиа,Hertz,4207058466291127,26,17000
PisterGSM,2012-10-14 12:56,30.36603,59.932429,Телевизоры,Toshiba,4207058466291127,5,33000
Дизель спот,2020-09-14 08:26,30.468788,59.960016,Тормозные системы,Pagid,5472149669881848,14,10500
СтройХаус,2019-02-20 18:30,30.249342,60.034898,Декоративные элементы,Henkel,5472149669881848,5,2800
Магнит,2018-04-10 15:03,30.27132,59.94671,Бакалея,Riso Scotti,5472149669881848,5,230
DreamWhite,2018-02-03 12:17,30.359178,59.938404,Одежда для активного отдыха,Columbia,5472149669881848,5,12000
Babochka,2025-03-05 16:30,29.872112,60.171461,Мужская одежда,Hugo Boss,5211781733119438,19,12000
StoreDima,2020-03-31 19:46,30.32422,59.929012,Автоэлектроника,Rockford Fosgate,5211781733119438,5,19000
GATE31,2021-12-14 19:33,30.319385,59.930106,Одежда больших размеров,Eloquii,5211781733119438,5,4800
Дон Телефон,2015-10-14 09:19,30.320953,59.927913,Настольные компьютеры,Apple,4483467338529647,5,120000
Elny,2013-06-03 13:02,30.293474,59.960791,Часы и украшения,OPPO,4483467338529647,36,30000
GATE31,2021-04-07 12:56,30.345298,59.930685,Одежда для йоги,Zella,4483467338529647,5,6000
Дикси,2015-10-01 06:42,30.289031,59.905105,Продукты для диабетиков,DiaVita,4483467338529647,5,720
DreamWhite,2016-06-25 12:16,30.370335,59.938003,Спортивные костюмы,Kappa,4325604339879808,12,7500
Дизель спот,2020-05-13 21:21,30.235619,59.993021,Автомобильные аксессуары,Thule,4325604339879808,23,15000
Авто Стори,2024-04-11 16:25,30.385865,59.892103,Электрооборудование,TRW,4023110576139608,21,9000
Пятёрочка,2015-08-29 12:00,30.297843,59.912986,Сладости и десерты,Milka,4023110576139608,24,300
Перекрёсток,2014-01-20 18:33,30.371049,59.882592,Безалкогольные напитки,Lipton,4023110576139608,16,80
Ситилинк,2023-08-29 13:50,30.490659,59.897081,Смартфоны и мобильные телефоны,Xiaomi,4023110576139608,42,30000
Петрович,2025-01-01 21:02,30.23458,59.996405,Садовая техника,Cub Cadet,6761952566098263,5,65000
ТехноНИКОЛЬ,2024-04-18 16:22,30.526859,59.620811,Кровельные материалы,Velux,6761952566098263,6,2700
Магнит,2016-06-02 19:59,30.34561,59.917765,Продукты для вегетарианцев,Earth Balance,4290403004444422,33,240
DreamWhite,2013-08-13 13:14,30.370335,59.938003,Перчатки и шарфы,AllSaints,4290403004444422,33,10000
Магнит,2013-06-15 22:28,30.37508,59.875082,Орехи и сухофрукты,Семейные Традиции,4290403004444422,27,410
GATE31,2021-04-27 17:16,30.346968,59.918223,Обувь,Reebok,4276187906015907,6,6500
Телемаркет24,2024-11-11 22:12,30.272169,60.002172,Электронные книги,Likebook,4276187906015907,41,11000
DreamWhite,2013-02-09 09:42,30.332892,59.792867,Верхняя одежда,Moncler,4276187906015907,5,70000
Магнит,2025-03-16 17:34,30.242855,59.954027,Крупы и макароны,Роллтон,4276187906015907,7,70
Мастеровой,2021-09-08 13:14,30.314396,59.926407,Изоляционные материалы,Termolife,5483878249269539,16,1100
restore,2013-04-05 16:00,30.301078,60.005219,Сетевые сервисы и подписки,Netflix,5176470386416565,5,8000
Автотрейд,2016-08-26 11:17,30.382332,59.889032,Шины и диски,Cooper,5176470386416565,28,8500
VAG Club,2018-10-13 14:50,30.22647,59.996275,Автомобильные лампы и освещение,Ring Automotive,5176470386416565,35,1300
Лента,2023-06-23 14:27,29.828101,59.869494,Продукты для спортсменов,Redcon1,5176470386416565,5,3100
Babochka,2021-06-08 22:41,30.300985,60.004935,Эко-одежда,Allbirds,5176470386416565,5,8000
Автотрейд,2017-07-01 09:51,30.235785,59.992793,Автомобильные масла и жидкости,Aral,6768961914987180,5,2700
Porivay Suit,2015-11-17 16:33,30.348972,59.914947,Белье и ночные сорочки,Journelle,6768961914987180,5,4500
Автотрейд,2024-06-03 16:49,30.382569,59.889669,Шины и диски,Uniroyal,4245433068600267,5,8500
Магнит,2022-01-21 16:48,30.199792,59.856306,Детское питание,Friso,4245433068600267,5,170
Дон Телефон,2013-05-09 18:28,30.320953,59.927913,Ноутбуки,Lenovo,4245433068600267,5,60000
DNS,2021-01-22 12:22,30.354146,59.932125,Смартфоны и мобильные телефоны,Apple,4245433068600267,30,80000
Максидом,2013-08-19 12:24,30.386777,60.004162,Окна и двери,Elex,4245433068600267,12,21000
Авто Стори,2012-02-04 22:15,30.47283,59.885293,Автомобильные масла и жидкости,Royal Purple,5530557998914203,27,3500
Пятёрочка,2015-06-07 15:45,30.333794,59.922979,Безалкогольные напитки,Minute Maid,5530557998914203,10,170
Азбука вкуса,2015-07-17 12:23,30.272869,59.967178,Супы и бульоны,Swanson,5530557998914203,29,190
Афоня,2012-06-23 13:07,30.42897,59.951745,Садовые постройки,Cedarshed,5530557998914203,5,46000
Петрович,2014-10-13 14:02,30.252079,59.952578,Отделочные материалы,Atlas,4245421246638218,5,4100
Дон Телефон,2012-05-11 12:22,30.321769,59.927084,Игровые консоли и аксессуары,Bigben Interactive,4245421246638218,9,7000
Максидом,2012-02-09 19:14,30.386777,60.004162,Садовая техника,Honda,5469749817801868,20,75000
OBI,2021-02-08 20:13,30.349319,59.871277,Крепеж и метизы,Spax,5469749817801868,7,3500
Дикси,2021-10-19 09:27,30.280974,59.939058,Продукты для диабетиков,Sukrin,5469749817801868,5,780
Афоня,2021-08-05 18:27,30.493546,59.944742,Сантехника,Hansgrohe,5469749817801868,5,18000
Лента,2015-10-01 22:47,30.390384,59.94089,Орехи и сухофрукты,Nutberry,5469749817801868,32,500
Дизель спот,2017-03-25 11:17,30.444036,59.950531,Автосигнализации и охранные системы,Sheriff,4893484247297876,5,15000
Лемана Про,2022-11-27 12:01,30.347658,60.066328,Инструменты и оборудование,Skil,4893484247297876,42,14000
Мастеровой,2021-07-28 18:15,30.314322,59.926366,Системы водоснабжения,Aquatherm,4893484247297876,19,19000
restore,2019-05-17 15:59,30.445639,59.980758,Принтеры и сканеры,Brother,4893484247297876,33,18000
StoreDima,2015-03-12 16:39,30.32422,59.929012,Устройства умного дома,Nest,5479359992874775,43,40000
Авто Стори,2012-05-23 22:18,30.47283,59.885293,Системы охлаждения,Four Seasons,5479359992874775,17,11500
Автотрейд,2014-11-26 12:16,30.169871,59.815811,Автосигнализации и охранные системы,Scher-Khan,5479359992874775,11,22000
DreamWhite,2021-09-15 10:48,30.359178,59.938404,Одежда больших размеров,Roaman's,5479359992874775,42,3700
Пятёрочка,2020-06-06 12:32,30.386778,59.984436,Бакалея,Mivina,5479359992874775,5,100
Barleone,2022-04-12 23:37,30.293232,59.959192,Спортивная одежда,Adidas,4245440876037216,31,6500
Porivay Suit,2017-09-03 10:36,30.348972,59.914947,Костюмы и пиджаки,Paul Smith,4245440876037216,5,50000
VAG Club,2020-09-30 12:45,30.444139,60.000501,Электрооборудование,Nippon Denso,4381396294901182,5,14000
Сатурн,2013-01-30 20:41,30.370351,59.927948,Герметики и монтажная пена,Sika,4381396294901182,5,380
М-Стерео,2019-09-05 11:52,30.355453,59.938372,Устройства умного дома,Google,4381396294901182,40,40000
Авто Стори,2020-12-15 22:24,30.47283,59.885293,Автомобильные лампы и освещение,GE Lighting,4245436426114766,18,1200
Porivay Suit,2022-01-01 18:21,30.348972,59.914947,Одежда для йоги,Varley,4245436426114766,5,7000
Сатурн,2012-03-21 13:48,30.351693,59.941615,Садовая мебель,Brafab,4245436426114766,47,48000
Дон Телефон,2021-01-20 22:14,30.320953,59.927913,Аксессуары для мобильных устройств,Satechi,5521750976915927,5,6000
Азбука вкуса,2019-07-21 19:57,30.272869,59.967178,Органические продукты,Nature's Path,5521750976915927,9,180
restore,2019-02-25 16:13,30.301078,60.005219,Мониторы,Gigabyte,5521750976915927,30,31000
Максидом,2019-07-03 16:34,30.36521,59.811704,Краски и лаки,Tikurilla,5521750976915927,38,2500
Максидом,2014-10-06 22:29,30.386777,60.004162,Электрика,Rexant,5521750976915927,9,2800
Лента,2023-05-02 15:54,30.337534,60.066472,Соусы и приправы,Cholula,5458071385569642,5,180
PisterGSM,2025-02-17 22:42,30.36603,59.932429,Батарейки и зарядные устройства,Samsung,5458071385569642,5,480
Максидом,2017-06-08 11:53,30.386777,60.004162,Садовый декор,Plow & Hearth,5458071385569642,5,19000
Ашан,2017-02-28 18:45,30.400781,59.899965,Сладости и десерты,Russell Stover,5458071385569642,23,320
Авто Стори,2014-07-27 14:07,30.47283,59.885293,Автомобильные аксессуары,Bosch,4276005524991810,5,3500
Пятёрочка,2012-10-14 10:09,30.355012,59.957,Продукты для спортсменов,Optimum Nutrition,4276005524991810,39,3000
VAG Club,2019-04-12 20:09,30.444139,60.000501,Автосигнализации и охранные системы,Cyclon,4670582635384037,11,8000
Ситилинк,2018-07-26 10:18,30.2612,59.867535,Программируемые устройства,Espressif,4670582635384037,21,2000
Максидом,2023-11-27 22:31,30.36521,59.811704,Сантехника,Cersanit,5268235438777839,5,13000
Мастеровой,2015-04-29 15:15,30.313617,59.926086,Системы безопасности,Avigilon,5268235438777839,5,46000
Перекрёсток,2020-11-24 14:18,30.492694,59.895466,Детское питание,Hipp,5268235438777839,5,160
Лемана Про,2017-08-09 22:34,30.301495,60.003961,Фасадные материалы,Kingspan,5189017709532594,35,1600
Лента,2019-12-31 17:32,30.334796,59.976801,Орехи и сухофрукты,ФрутоНяня,5189017709532594,5,350
DNS,2016-03-25 17:38,30.226092,60.037187,Компьютерные периферийные устройства,Mad Catz,6761966792383784,25,14000
Babochka,2019-05-24 17:58,30.329989,59.935103,Футболки и майки,Patagonia,6761966792383784,5,4500
Eurospar,2022-06-24 11:11,30.226486,59.986227,Продукты для диабетиков,Glucerna,4760367046381409,31,800
Porivay Suit,2023-01-01 16:00,30.356776,59.915184,Одежда для сна,Soma,4760367046381409,5,3500
Азбука вкуса,2014-09-19 20:54,30.314909,59.90529,Сладости и десерты,Russell Stover,4760367046381409,5,320
Авто Стори,2012-07-12 09:56,30.47283,59.885293,Двигатели и компоненты,Mitsubishi Electric,4760367046381409,16,115000
Ашан,2015-04-24 04:50,30.514683,59.893525,Детское питание,Nestlé,5530339716717628,21,150
StoreDima,2021-05-20 16:43,30.32422,59.929012,3D-принтеры и аксессуары,Monoprice,5530339716717628,24,25000
Barleone,2021-06-19 22:12,30.293232,59.959192,Сумки и рюкзаки,Marc Jacobs,5530339716717628,5,80000
GATE31,2023-07-14 15:20,30.346968,59.918223,Аксессуары,Michael Kors,4483439174649747,37,30000
VAG Club,2015-05-15 16:41,30.444139,60.000501,Подвеска и рулевое управление,Centric,4483439174649747,5,12000
DNS,2018-12-09 10:35,30.24694,60.017088,Фото- и видеокамеры,Polaroid,4483439174649747,5,15000
GATE31,2012-06-24 21:40,30.346968,59.918223,Джинсы и брюки,J.Crew,4483439174649747,5,7500
GATE31,2016-04-26 11:27,30.354525,59.98708,Головные уборы,Champion,4483439174649747,16,1800
Ситилинк,2014-11-18 14:20,30.309242,59.916191,Батарейки и зарядные устройства,Xiaomi,4245422782387845,17,450
PisterGSM,2014-07-30 16:06,30.36603,59.932429,Настольные компьютеры,Apple,4245422782387845,5,120000
VAG Club,2013-06-13 09:27,30.444139,60.000501,Автомобильные аптечки и аварийные наборы,СТАРТ,5583347488049638,5,1700
Дикси,2019-02-05 14:40,30.210066,59.942991,Экологически чистые продукты,Lavera,5583347488049638,5,270
Азбука вкуса,2018-11-19 03:48,30.314295,60.04879,Рыба и морепродукты,Морская звезда,5583347488049638,5,610
РеалЪ,2014-11-04 12:26,30.345662,60.039628,Готовые блюда,Едим Дома,5268237437356863,13,250
Пятёрочка,2015-06-17 23:45,30.333794,59.922979,Продукты для вегетарианцев,Follow Your Heart,5268237437356863,5,250
Телемаркет24,2024-10-15 12:28,30.355724,59.922592,Аудиооборудование,Panasonic,4279402418471885,6,31000
Лента,2018-07-19 16:04,30.34481,60.036093,Орехи и сухофрукты,Sunfill,4279402418471885,9,440
GATE31,2020-12-17 15:39,30.345298,59.930685,Одежда для сна,Soma,5483878598441392,5,3500
VAG Club,2019-10-04 09:37,30.22647,59.996275,Топливные системы,Standard Motor Products,5495005213841972,29,9500
Магнит,2019-09-18 08:21,30.260214,59.92881,Супы и бульоны,Swanson,5495005213841972,22,190
Ашан,2024-06-22 20:00,30.400781,59.899965,Рыба и морепродукты,Морская звезда,5308270235049899,18,610
Ситилинк,2020-03-29 13:16,30.490659,59.897081,Ноутбуки,Xiaomi,5308270235049899,7,50000
Телемаркет24,2014-08-19 14:22,30.205425,59.989928,Аудиооборудование,Denon,5308270235049899,12,45000
DreamWhite,2014-05-02 18:30,30.304204,59.960815,Купальники и пляжная одежда,Vitamin A,5308270235049899,5,5400
Максидом,2025-02-23 15:29,30.267628,59.95185,Строительные материалы,BASF,5308270235049899,5,3900
PisterGSM,2024-09-26 12:43,30.36603,59.932429,Смартфоны и мобильные телефоны,OnePlus,4023118741023986,10,40000
РеалЪ,2024-05-16 11:36,30.205626,59.855048,Алкогольные напитки,Captain Morgan,5189010896642495,24,1600
Дизель спот,2018-12-21 23:55,30.444036,59.950531,Автозвук и мультимедиа,Focal,5189010896642495,15,18000
РеалЪ,2022-07-14 12:16,29.775097,59.907511,Замороженные продукты,Ben & Jerry's,5189010896642495,40,700
VAG Club,2013-11-19 19:58,30.444139,60.000501,Автомобильные аптечки и аварийные наборы,Омега,4276351785984860,5,1300
Перекрёсток,2020-12-04 10:47,30.158605,59.869137,Органические продукты,Newman's Own,4276351785984860,5,180
М.Видео,2019-12-28 11:17,30.445592,59.910635,Игровые консоли и аксессуары,Corsair,4276351785984860,5,13000
ТехноНИКОЛЬ,2022-09-27 13:14,30.526859,59.620811,Керамическая плитка,Atlas Concorde,4276351785984860,32,2400
Лемана Про,2012-02-05 22:17,30.300415,60.004457,Герметики и монтажная пена,Ultima,4276351785984860,11,330
М-Стерео,2021-03-01 15:07,30.367216,59.935317,Мониторы,MSI,4274591935435070,16,34000
Телемаркет24,2013-12-07 09:37,30.369261,59.883602,Принтеры и сканеры,Konica Minolta,4274591935435070,5,29000
РеалЪ,2015-06-14 20:33,30.355607,59.94412,Алкогольные напитки,Captain Morgan,4274591935435070,5,1600
Азбука вкуса,2020-05-26 09:12,30.314909,59.90529,Специи и пряности,Spice Islands,4274591935435070,5,180
Babochka,2015-03-20 20:10,30.379816,59.925405,Одежда для йоги,Zella,5469135213233345,42,6000
VAG Club,2018-04-18 20:13,30.22647,59.996275,Автоинструменты и оборудование,Ingersoll Rand,5469135213233345,26,19000
VAG Club,2025-01-19 13:40,30.22647,59.996275,Топливные системы,Mahle,5469135213233345,18,9500
Дизель спот,2020-01-30 18:24,30.235619,59.993021,Системы охлаждения,CSF Radiators,4893495297570594,33,12000
Barleone,2019-07-05 21:11,30.293232,59.959192,Одежда для работы,Uniqlo,4893495297570594,5,6000
М-Стерео,2018-05-13 12:24,30.367216,59.935317,Устройства умного дома,Philips,4893495297570594,20,30000
Афоня,2018-11-26 13:16,30.352663,59.833633,Системы безопасности,Panasonic,4893495297570594,23,38000
Porivay Suit,2016-01-30 08:29,30.348972,59.914947,Перчатки и шарфы,Moncler,4893495297570594,21,28000
М.Видео,2022-01-05 08:45,30.272001,60.002106,Аксессуары для мобильных устройств,Apple,4279723400814596,5,10000
Eurospar,2016-05-02 11:43,29.957028,60.092458,Продукты для диабетиков,SlimFast,4279723400814596,11,850
Петрович,2016-12-06 12:27,30.344219,60.06293,Строительные материалы,Isover,4279723400814596,24,3700
Elny,2024-09-26 12:10,30.259229,60.0078,Костюмы и пиджаки,Louis Vuitton,4279723400814596,39,90000
VAG Club,2020-05-06 12:34,30.444139,60.000501,Автоинструменты и оборудование,Sunex,4279723400814596,5,8000
DreamWhite,2024-01-14 20:42,30.370335,59.938003,Верхняя одежда,Hugo Boss,4483469480256666,5,35000
StoreDima,2024-06-14 11:50,30.32422,59.929012,Смартфоны и мобильные телефоны,OPPO,4483469480256666,5,35000
VAG Club,2021-02-12 16:57,30.444139,60.000501,Автоинструменты и оборудование,Bosch,4483469480256666,5,15000
Ситилинк,2014-12-23 10:38,30.2612,59.867535,Настольные компьютеры,MSI,4483469480256666,32,95000
DNS,2019-02-13 19:47,30.321005,59.926735,Батарейки и зарядные устройства,Kodak,4297498794118770,18,340
Афоня,2016-10-16 10:05,30.507137,59.9086,Садовый инвентарь,Fiskars,4297498794118770,34,3500
Пятёрочка,2022-07-03 13:24,30.257792,59.896694,Органические продукты,Bob's Red Mill,5484223955301913,5,180
Barleone,2019-12-13 17:12,30.293232,59.959192,Сумки и рюкзаки,Dior,5484223955301913,5,190000
М-Стерео,2015-05-22 16:40,30.355453,59.938372,Программное обеспечение,Dassault Systèmes,5484223955301913,42,210000
Eurospar,2023-04-13 17:14,30.226486,59.986227,Экологически чистые продукты,Rapunzel,5484223955301913,28,220
Авто Стори,2017-11-06 12:00,30.385865,59.892103,Трансмиссии,BorgWarner,5124265155852359,5,120000
Дон Телефон,2022-08-06 19:33,30.321769,59.927084,Аксессуары для мобильных устройств,Baseus,5124265155852359,10,3500
Автотрейд,2016-09-13 19:14,30.169871,59.815811,Автомобильные лампы и освещение,Narva,5124265155852359,24,1300
Авто Стори,2022-09-02 14:49,30.385865,59.892103,Автомобильные аксессуары,Yakima,5124265155852359,26,14000
Петрович,2013-01-05 18:20,30.344219,60.06293,Краски и лаки,Sherwin-Williams,5124265155852359,5,2700
Автотрейд,2015-04-09 19:30,30.382569,59.889669,Двигатели и компоненты,Bosch,4856084718560012,34,120000
OBI,2023-03-01 13:40,30.518781,59.894747,Мебель для ванной,Jacob Delafon,5199981975203063,5,27000
DreamWhite,2012-03-19 15:55,30.332892,59.792867,Эко-одежда,Kotn,5199981975203063,5,9500
DreamWhite,2015-12-31 12:38,30.359178,59.938404,Одежда для работы,Theory,4893482185561528,5,14000
Лента,2017-10-16 16:46,30.452914,60.035771,Продукты для вегетарианцев,Quorn,4893482185561528,5,400
Максидом,2022-09-27 08:40,30.386777,60.004162,Садовая мебель,Fermob,4893482185561528,5,45000
Ситилинк,2023-12-17 07:53,30.506972,59.833644,Компьютерные периферийные устройства,Trust,4893482185561528,5,10000
restore,2022-12-07 18:13,30.27508,59.941932,Телевизоры,Samsung,4893482185561528,19,45000
Автотрейд,2012-05-01 15:42,30.169871,59.815811,Автомобильные масла и жидкости,Valvoline,5458072685092852,24,2300
DNS,2022-06-07 20:31,30.31788,59.91548,Мелкая бытовая техника,Braun,5458072685092852,5,14000
СтройХаус,2022-09-07 19:57,30.436413,59.946501,Гипсокартон и комплектующие,Gipsopolimer,5458072685092852,5,350
Дикси,2015-10-12 19:22,30.29012,60.005244,Рыба и морепродукты,Морской котик,4797682733853077,5,510
Азбука вкуса,2017-08-08 23:18,30.314295,60.04879,Экологически чистые продукты,Naturata,4797682733853077,5,190
ТехноНИКОЛЬ,2014-04-04 09:18,30.526859,59.620811,Окна и двери,Velux,4797682733853077,5,33000
restore,2014-10-07 21:13,30.308129,59.963536,Накопители данных,Sony,5458076908182207,13,7000
Дизель спот,2013-03-04 23:23,30.235619,59.993021,Автомобильные аксессуары,Curt,5458076908182207,41,5000
Дикси,2020-01-09 20:08,30.335883,59.923698,Продукты для диабетиков,SlimFast,5458076908182207,14,850
Elny,2024-01-27 09:32,30.343427,59.926674,Одежда больших размеров,ASOS Curve,5458076908182207,55,4000
Babochka,2023-10-20 18:57,30.300985,60.004935,Головные уборы,Burberry,5209541619997724,16,14000
Магнит,2012-02-10 18:14,30.333781,59.876334,Экологически чистые продукты,Hipp,5209541619997724,24,250
Перекрёсток,2015-09-13 20:56,30.228791,60.017448,Снеки и чипсы,Stacy's,5209541619997724,21,190
Дизель спот,2016-08-11 12:48,30.235619,59.993021,Автомобильные аксессуары,K&N,5209541619997724,5,4000
StoreDima,2017-08-03 16:29,30.32422,59.929012,Аксессуары для мобильных устройств,JBL,5484527264106882,28,6500
Сатурн,2024-12-13 12:09,30.392081,59.889243,Садовая мебель,Talenti,4244760840251707,5,65000
Porivay Suit,2013-01-19 15:28,30.348972,59.914947,Платья и юбки,Massimo Dutti,4244760840251707,18,6000
Eurospar,2017-11-10 15:37,30.34596,59.928669,Соусы и приправы,Maggi,4244760840251707,25,130
PisterGSM,2019-02-21 10:05,30.36603,59.932429,Системы безопасности,Fortress Security,4244760840251707,5,12000
Лемана Про,2021-02-09 12:17,30.347658,60.066328,Гипсокартон и комплектующие,ISOVER,5189015395633260,38,500
Авто Стори,2023-09-22 22:40,30.47283,59.885293,Двигатели и компоненты,Continental,5189015395633260,16,130000
Дон Телефон,2021-03-07 18:34,30.321769,59.927084,Накопители данных,PNY,5189015395633260,22,5000
Ашан,2025-04-13 19:22,30.401603,59.899487,Сладости и десерты,Nestle,5228288372058697,5,300
DreamWhite,2012-05-29 09:51,30.332892,59.792867,Платья и юбки,New Look,5228288372058697,7,3000
Лента,2014-10-23 10:41,30.362929,59.831652,Безалкогольные напитки,Ocean Spray,5228288372058697,5,190
DreamWhite,2014-07-08 14:55,30.370335,59.938003,Эко-одежда,Allbirds,5228288372058697,36,8000
Porivay Suit,2013-09-04 11:01,30.348972,59.914947,Одежда для работы,Uniqlo,5228288372058697,29,6000
GATE31,2016-09-29 12:33,30.345298,59.930685,Сумки и рюкзаки,Coach,4245435980495102,5,80000
Дизель спот,2018-04-29 18:52,30.444036,59.950531,Автозвук и мультимедиа,Clarion,4245435980495102,5,12000
СтройХаус,2022-02-09 12:39,30.44978,60.036823,Отделочные материалы,Ursa,5268237298439786,15,5000
Петрович,2014-05-07 19:36,30.165382,59.809835,Мебель для ванной,Ideal Standard,5268237298439786,10,20000
Лента,2022-05-28 13:27,30.40236,60.011515,Диетические продукты,Quest Nutrition,5268237298439786,5,1700
OBI,2013-04-05 14:35,30.316835,59.824291,Декоративные элементы,V33,5268237298439786,35,3000
PisterGSM,2012-03-15 18:06,30.36603,59.932429,Системы безопасности,Canary,4290399634810737,30,15000
Porivay Suit,2018-04-08 16:42,30.356776,59.915184,Сумки и рюкзаки,Michael Kors,4290399634810737,5,90000
Eurospar,2017-09-23 09:25,30.334406,59.935163,Алкогольные напитки,Cîroc,4290399634810737,15,3200
Автотрейд,2020-12-17 09:56,30.382332,59.889032,Топливные системы,VDO,4290399634810737,20,10500
Eurospar,2018-02-15 12:26,30.300629,59.96729,Напитки,Dr Pepper,4290399634810737,5,90
Дизель спот,2023-10-26 20:26,30.235619,59.993021,Автомобильные аптечки и аварийные наборы,Торнадо,4245430479527822,15,2200
StoreDima,2013-06-27 12:34,30.32422,59.929012,Накопители данных,Corsair,4245430479527822,16,6500
Eurospar,2012-09-28 22:44,29.957028,60.092458,Фрукты и овощи,Fresh Express,5176479167047489,40,130
Пятёрочка,2014-01-11 07:46,30.312851,59.903847,Замороженные продукты,Breyers,5176479167047489,5,550
Elny,2017-11-27 18:24,30.362365,59.933929,Перчатки и шарфы,Fendi,5176479167047489,27,24000
GATE31,2016-05-08 12:19,30.346968,59.918223,Спортивные костюмы,Champion,5176479167047489,5,7000
Сатурн,2017-08-06 15:22,30.367789,59.874853,Сантехника,Jacob Delafon,4023127709915051,14,17000
СтройХаус,2020-11-02 15:53,30.372729,59.95475,Окна и двери,Aluplast,4023127709915051,38,27000
restore,2017-02-03 12:06,30.445639,59.980758,Системы безопасности,ADT,4023127709915051,5,28000
Дикси,2015-10-07 14:55,30.246704,59.928664,Мясо и птица,Микоян,4023121586307531,5,490
VAG Club,2012-10-18 18:01,30.22647,59.996275,Двигатели и компоненты,Federal-Mogul,4023121586307531,12,90000
Авто Стори,2013-02-17 18:41,30.385865,59.892103,Автомобильные масла и жидкости,Motul,4023121586307531,5,3000
Авто Стори,2015-11-10 18:37,30.385865,59.892103,Системы охлаждения,URO Parts,5213248282610936,5,10000
Пятёрочка,2012-11-22 11:37,30.297457,59.920446,Крупы и макароны,Barilla,5213248282610936,18,160
Авто Стори,2022-10-29 12:22,30.47283,59.885293,Автосигнализации и охранные системы,Meta System,5213248282610936,5,27000
Дизель спот,2016-09-13 21:11,30.444036,59.950531,Двигатели и компоненты,TRW,4245422675750925,5,85000
Porivay Suit,2020-11-14 14:23,30.356776,59.915184,Костюмы и пиджаки,Ralph Lauren,4245422675750925,5,50000
Ситилинк,2016-12-25 09:45,30.345836,60.036124,Аксессуары для мобильных устройств,Xiaomi,4245430203434233,5,4000
Ситилинк,2020-10-25 10:28,30.357117,59.920592,Аудиооборудование,KEF,4245430203434233,5,52000
VAG Club,2019-09-02 21:11,30.22647,59.996275,Автоинструменты и оборудование,TEKTON,4245430203434233,5,10000
Мастеровой,2024-11-01 19:07,30.314322,59.926366,Отделочные материалы,Sniezka,4245430203434233,5,4300
PisterGSM,2013-12-10 12:01,30.36603,59.932429,Дроны и робототехника,Fat Shark,4245430203434233,5,45000
РеалЪ,2022-12-15 19:49,30.141112,59.853531,Орехи и сухофрукты,Фруктовая Энергия,5341627726845079,5,450
М-Стерео,2024-08-17 13:53,30.367216,59.935317,Накопители данных,Western Digital,5341627726845079,5,6000
Автотрейд,2021-10-08 10:02,30.382332,59.889032,Трансмиссии,ZF,5341627726845079,20,150000
OBI,2015-02-22 11:10,30.349319,59.871277,Окна и двери,Novotex,5341627726845079,5,23000
Пятёрочка,2020-01-31 16:32,30.292433,59.922247,Замороженные продукты,Kashi,5341627726845079,50,450
М.Видео,2022-01-07 14:47,30.165287,59.863891,Смартфоны и мобильные телефоны,Honor,5482262549005239,7,30000
Barleone,2012-12-19 15:45,30.293232,59.959192,Одежда для работы,Tommy Hilfiger,5482262549005239,31,11000
Лента,2021-03-07 21:24,30.470295,59.951686,Консервы,Скатерть-Самобранка,5482262549005239,5,90
Пятёрочка,2017-10-29 11:05,30.19693,59.989027,Мясо и птица,Ремит,5482262549005239,25,470
VAG Club,2015-01-23 16:12,30.444139,60.000501,Автомобильные лампы и освещение,Koito,5482262549005239,7,1600
Лента,2021-04-28 04:03,30.308267,59.956293,Бакалея,Hercules,4195406007314191,22,120
VAG Club,2019-10-09 08:22,30.22647,59.996275,Электрооборудование,Bosch,4195406007314191,18,15000
Пятёрочка,2012-04-08 09:47,30.307346,59.961332,Фрукты и овощи,Sunkist,4195406007314191,30,170
Porivay Suit,2019-11-19 22:17,30.356776,59.915184,Одежда для работы,Armani,4195406007314191,23,16000
Перекрёсток,2025-03-27 17:01,30.321144,59.926507,Готовые блюда,Сытый папа,5318605000344830,25,220
ТехноНИКОЛЬ,2023-10-03 17:08,30.432281,59.897979,Напольные покрытия,Witex,5318605000344830,29,1300
Barleone,2019-09-10 16:38,30.293232,59.959192,Аксессуары,Louis Vuitton,5318605000344830,5,60000
М.Видео,2022-12-14 15:00,30.206292,59.990749,Устройства умного дома,August,5318605000344830,27,25000
Ситилинк,2021-03-27 11:23,30.27645,59.945846,Телевизоры,Sharp,5318605000344830,5,34000
Дон Телефон,2013-11-03 11:56,30.321769,59.927084,Программное обеспечение,SAP,4627799913775065,24,250000
GATE31,2020-01-11 17:31,30.309594,59.964426,Детская одежда,H&M,4627799913775065,34,2200
Авто Стори,2019-02-12 20:39,30.385865,59.892103,Системы охлаждения,Febi Bilstein,4627799913775065,19,11500
Автотрейд,2021-11-17 11:24,30.169871,59.815811,Автомобильные аптечки и аварийные наборы,АМА,4627799913775065,5,1400
Дизель спот,2024-03-17 16:27,30.235619,59.993021,Электрооборудование,Hella,4582805919984450,17,12000
Elny,2013-09-28 19:52,30.293474,59.960791,Одежда больших размеров,Forever 21 Plus,4582805919984450,5,3200
Афоня,2015-06-27 11:26,30.324665,59.855892,Изоляционные материалы,Penoizol,4274472589657857,5,800
VAG Club,2022-01-30 20:15,30.444139,60.000501,Шины и диски,Maxxis,5486744048532362,5,8000
Максидом,2021-08-03 15:50,30.386777,60.004162,Мебель для ванной,Vigour,5486744048532362,5,24000
PisterGSM,2022-07-08 22:45,30.36603,59.932429,Программное обеспечение,Corel,5486744048532362,49,80000
Перекрёсток,2018-01-05 08:39,30.339284,59.853622,Безалкогольные напитки,Sprite,5479325962470600,18,90
Афоня,2019-08-20 11:10,30.507137,59.9086,Напольные покрытия,Kronospan,5479325962470600,24,1400
Eurospar,2014-02-22 13:58,30.312662,60.052691,Хлеб и выпечка,Славянка,5479325962470600,25,60
Дон Телефон,2019-12-28 10:57,30.321769,59.927084,Устройства виртуальной и дополненной реальности,HP,5477791386176482,5,32000
СтройХаус,2015-10-01 08:44,30.478379,60.015703,Крепеж и метизы,Würth,5489997375026415,5,4500
Авто Стори,2014-08-31 14:23,30.385865,59.892103,Шины и диски,Cooper,5489997375026415,5,8500
Barleone,2020-04-04 09:31,30.293232,59.959192,Одежда для сна,Natori,5489997375026415,31,5500
VAG Club,2019-10-29 22:29,30.444139,60.000501,Автомобильные лампы и освещение,Bosch,5489997375026415,20,1600
Мастеровой,2016-11-23 21:03,30.314322,59.926366,Отделочные материалы,Saint-Gobain,5469039379345861,25,5000
Ашан,2013-07-16 00:31,30.316491,59.819679,Диетические продукты,Nature's Bounty,5469039379345861,44,1800
VAG Club,2023-09-09 20:30,30.22647,59.996275,Топливные системы,VDO,4023126238187991,51,10500
Азбука вкуса,2025-03-05 19:29,30.225444,59.942178,Чай и кофе,Lavazza,4023126238187991,32,300
Афоня,2014-10-14 18:06,30.324665,59.855892,Системы канализации,Wavin,4245432996618840,53,14000
Магнит,2014-03-23 10:51,30.260214,59.92881,Здоровое питание,Provamel,4245432996618840,8,300
Babochka,2020-03-16 09:45,30.329209,59.793891,Одежда для активного отдыха,Mountain Hardwear,5436727150855622,5,15000
Дикси,2023-08-14 17:02,30.316516,59.932057,Специи и пряности,MDH,5436727150855622,5,130
Elny,2016-05-09 16:20,30.257252,59.990067,Одежда для активного отдыха,Prana,5472140544860902,17,10000
Дизель спот,2023-07-31 23:09,30.468788,59.960016,Автомобильные масла и жидкости,Motul,5472140544860902,5,3000
Лента,2022-05-31 08:43,30.362929,59.831652,Детское питание,Topfer,5472140544860902,10,170
Дизель спот,2021-06-05 07:44,30.468788,59.960016,Системы охлаждения,Mahle,5104105033001257,5,13000
PisterGSM,2015-01-26 14:49,30.36603,59.932429,Сетевое оборудование,Zyxel,5104105033001257,5,5000
Сатурн,2020-04-11 10:06,30.433617,59.844764,Строительные материалы,Armstrong,5104105033001257,5,4100
Телемаркет24,2024-11-21 17:11,30.355724,59.922592,Дроны и робототехника,Sky Viper,5104105033001257,11,12000
Перекрёсток,2022-06-10 05:18,30.447066,59.912758,Готовые блюда,Бистро,4381381681615156,5,190
Авто Стори,2017-01-22 23:56,30.385865,59.892103,Автозвук и мультимедиа,Clarion,4381381681615156,5,12000
Лента,2018-01-31 22:41,30.333871,59.89798,Масла и жиры,Провансаль,4381381681615156,5,140
DreamWhite,2017-01-13 11:38,30.304204,59.960815,Одежда для активного отдыха,Mountain Hardwear,4381381681615156,12,15000
Дон Телефон,2024-02-27 13:40,30.320953,59.927913,Электронные книги,Onyx Boox,5313443164840933,5,15000
Porivay Suit,2023-07-26 22:40,30.348972,59.914947,Перчатки и шарфы,Prada,5313443164840933,5,23000
Дизель спот,2022-08-23 19:54,30.235619,59.993021,Тормозные системы,Wagner,5313443164840933,5,9500
restore,2019-05-19 18:07,30.515375,59.893985,Ноутбуки,Sony,5313443164840933,24,80000
OBI,2017-01-24 19:36,30.316835,59.824291,Лестницы и стремянки,FACAL,5313443164840933,5,9000
Babochka,2025-01-06 12:10,30.300985,60.004935,Обувь,Under Armour,5442611990328557,5,8500
Авто Стори,2022-06-05 21:23,30.385865,59.892103,Шины и диски,Maxxis,5442611990328557,15,8000
Elny,2019-03-29 14:24,30.362365,59.933929,Мужская одежда,H&M,5189974572985320,28,4000
Авто Стори,2014-07-31 14:20,30.47283,59.885293,Трансмиссии,Continental,5189974572985320,5,135000
Пятёрочка,2017-06-10 09:06,30.419676,60.005038,Консервы,Флотский,5189974572985320,5,105
Автотрейд,2019-09-29 22:30,30.169871,59.815811,Электрооборудование,TRW,5189974572985320,17,9000
Дизель спот,2013-07-22 13:40,30.468788,59.960016,Электрооборудование,Osram,5189974572985320,12,7000
Porivay Suit,2017-05-04 22:56,30.356776,59.915184,Аксессуары,Hermès,4289255484938674,5,70000
Ситилинк,2020-02-07 12:42,30.448774,60.031971,Ноутбуки,Gigabyte,4289255484938674,14,70000
restore,2017-01-16 16:34,30.306058,59.962236,Офисная техника,Apple,4289255484938674,13,45000
Мастеровой,2018-09-01 08:15,30.313991,59.926244,Окна и двери,Kaleva,4023122635243042,19,27000
GATE31,2024-03-09 10:18,30.319385,59.930106,Одежда для йоги,Beyond Yoga,4023122635243042,35,7000
Авто Стори,2019-10-26 10:32,30.47283,59.885293,Шины и диски,Kumho,4023122635243042,5,7500
Авто Стори,2016-12-14 21:33,30.47283,59.885293,Автозвук и мультимедиа,Cerwin-Vega,4023122635243042,39,11000
DreamWhite,2021-12-30 12:47,30.304204,59.960815,Верхняя одежда,The North Face,4023128168536303,14,20000
PisterGSM,2015-05-22 17:53,30.36603,59.932429,Накопители данных,Transcend,4023128168536303,57,5000
М-Стерео,2023-11-28 17:23,30.355453,59.938372,Фото- и видеокамеры,Panasonic,4023128168536303,16,50000
Ашан,2020-09-04 10:50,30.457308,59.778,Снеки и чипсы,Tostitos,5484680232183533,5,190
Сатурн,2016-01-13 14:15,30.27188,59.868937,Краски и лаки,Marshall,4023126581944427,15,2000
Пятёрочка,2018-03-02 17:07,30.19693,59.989027,Продукты для спортсменов,Evlution Nutrition,4023126581944427,5,2300
Babochka,2024-05-12 15:05,30.300985,60.004935,Обувь,ECCO,4023126581944427,39,8500
DreamWhite,2019-09-01 19:29,30.332892,59.792867,Одежда для активного отдыха,Helly Hansen,4023126581944427,5,13000
Магнит,2019-01-25 12:46,30.333781,59.876334,Орехи и сухофрукты,NaturFoods,5308673051310708,34,460
Дизель спот,2017-08-12 08:51,30.444036,59.950531,Автоинструменты и оборудование,OTC Tools,4023120972126998,5,12000
Автотрейд,2015-11-29 19:31,30.382332,59.889032,Системы охлаждения,Motorcraft,4023120972126998,29,14000
DNS,2018-12-27 20:12,30.311645,60.052644,3D-принтеры и аксессуары,Voxelab,4023120972126998,5,35000
Максидом,2018-08-19 23:46,30.36521,59.811704,Изоляционные материалы,Rockwool,5312360305343959,39,1600
Автотрейд,2022-02-10 13:18,30.169871,59.815811,Двигатели и компоненты,NTN,4023119386363159,18,75000
Дон Телефон,2024-09-29 13:12,30.320953,59.927913,Мониторы,Xiaomi,4023119386363159,5,25000
StoreDima,2013-05-22 17:53,30.32422,59.929012,Принтеры и сканеры,Dell,4023119386363159,33,24000
РеалЪ,2013-12-20 22:59,30.258382,60.014426,Сладости и десерты,Nestle,4023119386363159,5,300
GATE31,2017-05-02 15:27,30.344614,59.930422,Одежда больших размеров,Ashley Stewart,4381407077652688,19,4200
Elny,2017-07-07 08:21,30.409664,59.928271,Одежда для активного отдыха,Patagonia,4381407077652688,5,14000
М.Видео,2018-06-30 23:41,30.206292,59.990749,Устройства умного дома,Philips,4381407077652688,5,30000
DNS,2012-05-26 19:22,30.213963,59.85304,Игровые консоли и аксессуары,Thrustmaster,4381407077652688,35,16000
VAG Club,2021-04-16 19:43,30.22647,59.996275,Двигатели и компоненты,Denso,4023118841078820,35,110000
GATE31,2019-09-23 21:34,30.360159,59.943736,Одежда для особых случаев,Reem Acra,4023118841078820,16,260000
DreamWhite,2012-03-01 16:39,30.332892,59.792867,Платья и юбки,Reserved,4023118841078820,14,2800
Мастеровой,2021-11-28 10:40,30.314396,59.926407,Фасадные материалы,Henkel,4023118841078820,5,1200
ТехноНИКОЛЬ,2018-06-04 20:52,30.526859,59.620811,Напольные покрытия,Balterio,4674856629050069,20,1750
Магнит,2017-11-02 16:20,30.348349,59.912436,Мясо и птица,Глобус,4674856629050069,5,460
Максидом,2012-02-19 19:16,30.386777,60.004162,Садовый инвентарь,Husqvarna,5101263174858893,5,5500
PisterGSM,2015-01-25 16:34,30.36603,59.932429,Кабели и адаптеры,Tripp Lite,5101263174858893,5,1700
Лемана Про,2017-07-07 10:27,30.160162,59.805373,Инструменты и оборудование,Hilti,4279585170696526,5,30000
Дикси,2018-04-14 07:25,30.360979,59.942506,Супы и бульоны,Progresso,4279585170696526,26,170
Ситилинк,2021-08-13 10:37,30.204986,59.986117,Телефоны и оборудование для стационарной связи,Uniden,4279585170696526,5,4500
Дон Телефон,2018-02-10 14:05,30.321769,59.927084,Программируемые устройства,Micro:bit,4023123293350497,5,2500
Сатурн,2014-08-13 14:36,30.367789,59.874853,Строительные материалы,Knauf,4023123293350497,7,3000
Elny,2024-12-11 12:34,30.379255,59.826746,Белье и ночные сорочки,Calvin Klein,4023123293350497,5,4000
GATE31,2012-05-01 10:21,30.309594,59.964426,Одежда больших размеров,ModCloth Plus,5488376307021016,5,4500
DNS,2016-04-07 12:58,30.114265,59.840125,Мелкая бытовая техника,Rowenta,5488376307021016,5,15000
Дизель спот,2021-10-21 17:39,30.444036,59.950531,Автомобильные лампы и освещение,Bosch,5488376307021016,5,1600
DreamWhite,2019-05-21 08:48,30.370335,59.938003,Джинсы и брюки,G-Star RAW,5488376307021016,24,9000
PisterGSM,2018-02-20 18:08,30.36603,59.932429,Аксессуары для мобильных устройств,Satechi,5488376307021016,17,6000
М-Стерео,2012-02-16 13:21,30.367216,59.935317,Ноутбуки,Google,4584108583899304,22,90000
Дикси,2021-10-08 23:23,30.301414,59.903764,Замороженные продукты,Pillsbury,4584108583899304,42,350
Азбука вкуса,2015-06-21 10:10,30.225444,59.942178,Органические продукты,Eden Foods,4584108583899304,5,160
Петрович,2021-03-17 12:03,30.206649,59.85461,Окна и двери,Maco,4584108583899304,30,28000
GATE31,2025-02-19 11:53,30.309594,59.964426,Сумки и рюкзаки,Hermès,4584108583899304,5,300000
StoreDima,2024-08-29 19:11,30.32422,59.929012,3D-принтеры и аксессуары,Ultimaker,4893496603468938,5,250000
restore,2022-01-13 15:03,30.355066,59.987391,Программное обеспечение,Corel,4893496603468938,5,80000
Porivay Suit,2016-10-11 21:02,30.348972,59.914947,Одежда для йоги,Free People Movement,4893496603468938,54,7500
Авто Стори,2017-05-14 11:00,30.47283,59.885293,Электрооборудование,WAI Global,4893496603468938,18,10000
ТехноНИКОЛЬ,2022-12-27 16:15,30.282577,60.073813,Окна и двери,Trocal,4893496603468938,22,24000
РеалЪ,2012-03-28 21:54,30.422474,59.942593,Экологически чистые продукты,Sante,5342605784325533,17,240
Ашан,2021-11-03 14:21,30.341063,59.913898,Чай и кофе,Moccona,5342605784325533,5,270
Магнит,2012-02-18 06:02,30.260214,59.92881,Товары для выпечки,Red Star,5149082444711327,10,130
Афоня,2022-11-27 12:46,30.465252,59.880264,Герметики и монтажная пена,Den Braven,5149082444711327,14,370
DNS,2021-01-01 19:25,30.276675,59.941572,Мониторы,AOC,5149082444711327,48,22000
Barleone,2023-06-21 12:57,30.293232,59.959192,Аксессуары,Dior,5149082444711327,8,55000
Петрович,2022-08-02 21:36,30.301941,60.09559,Садовая техника,Stihl,4245431415706723,24,65000
М-Стерео,2024-05-04 17:02,30.367216,59.935317,Программное обеспечение,Google,4245431415706723,11,140000
Дон Телефон,2020-06-28 17:49,30.321769,59.927084,Носимая электроника,Casio,4245431415706723,31,20000
Автотрейд,2022-09-21 10:27,30.382569,59.889669,Тормозные системы,Akebono,5268685600726015,5,13000
Elny,2019-07-21 18:35,30.34682,59.832252,Купальники и пляжная одежда,Tory Burch,5268685600726015,30,6500
Elny,2019-05-27 08:51,30.259229,60.0078,Одежда для дома,Tommy Hilfiger,4760368166870531,35,4000
Автотрейд,2020-12-11 18:24,30.382332,59.889032,Шины и диски,Dunlop,4760368166870531,14,9500
Лента,2017-05-13 18:44,30.238926,60.029599,Орехи и сухофрукты,Семушка,6768450488705276,5,400
СтройХаус,2018-08-26 12:30,30.249159,59.987033,Керамическая плитка,Vitra,6768450488705276,7,1400
Авто Стори,2023-12-14 18:49,30.47283,59.885293,Автоинструменты и оборудование,SK Hand Tools,6768450488705276,5,14000
Babochka,2023-12-09 10:50,30.342662,59.945058,Аксессуары,Prada,6768450488705276,18,45000
VAG Club,2020-03-09 20:18,30.444139,60.000501,Автосигнализации и охранные системы,Sobr,6768450488705276,23,19000
DreamWhite,2023-03-11 13:08,30.304204,59.960815,Аксессуары,Balenciaga,5257873840423831,17,45000
Афоня,2012-03-19 13:48,30.227397,60.005423,Декоративные элементы,Dulux,5257873840423831,5,3100
Elny,2012-09-12 13:45,30.34682,59.832252,Верхняя одежда,Uniqlo,5257873840423831,5,11000
Лента,2020-10-16 18:41,30.470295,59.951686,Продукты для вегетарианцев,Quorn,5479499506869871,10,400
DreamWhite,2020-03-16 11:10,30.359178,59.938404,Аксессуары,Balenciaga,5479499506869871,32,45000
Barleone,2024-07-23 14:10,30.293232,59.959192,Головные уборы,H&M,5479499506869871,5,1500
СтройХаус,2015-02-10 12:46,30.372729,59.95475,Освещение,Panasonic,5268231563788130,6,1400
Дизель спот,2015-08-27 09:52,30.468788,59.960016,Автоинструменты и оборудование,Lisle,5268231563788130,41,7000
Перекрёсток,2020-05-04 13:53,30.219771,59.985776,Снеки и чипсы,Snyder's of Hanover,5268231563788130,5,180
Лента,2014-11-17 07:08,30.24024,60.038992,Здоровое питание,Pulsin,5268231563788130,25,300
Eurospar,2014-02-22 10:21,30.359726,59.948455,Экологически чистые продукты,Sante,5268238188076839,5,240
Авто Стори,2013-04-08 21:48,30.385865,59.892103,Тормозные системы,Bosch,4245435601407044,28,12000
Eurospar,2025-03-09 21:01,30.34903,59.945452,Готовые блюда,Суперменю,4245435601407044,10,240
Babochka,2014-09-08 21:46,30.328896,59.793756,Рубашки и блузы,Brooks Brothers,4245435601407044,5,4800
OBI,2012-10-19 23:04,30.146803,59.993579,Вентиляция и кондиционирование,General Climate,4245435601407044,5,70000
PisterGSM,2020-11-13 09:22,30.36603,59.932429,Программное обеспечение,Siemens,5442619991336383,5,230000
Телемаркет24,2021-08-20 18:12,30.355724,59.922592,Устройства виртуальной и дополненной реальности,Valve,5442619991336383,5,50000
Максидом,2018-05-27 23:49,30.38423,60.002149,Кровельные материалы,Onduline,4274270093087828,13,1600
VAG Club,2013-09-20 17:06,30.444139,60.000501,Автоинструменты и оборудование,Matco Tools,4274270093087828,5,18000
Дизель спот,2019-06-26 11:58,30.444036,59.950531,Автоинструменты и оборудование,OTC Tools,4268901720053762,5,12000
StoreDima,2013-11-15 11:30,30.32422,59.929012,Фото- и видеокамеры,JVC,4268901720053762,20,30000
СтройХаус,2019-06-16 20:46,30.409452,60.075356,Кровельные материалы,Gerard,4268901720053762,15,3200
Дизель спот,2015-01-20 22:30,30.468788,59.960016,Автосигнализации и охранные системы,Sheriff,4268901720053762,9,15000
Ситилинк,2019-08-12 20:18,30.209514,59.856308,Сетевые сервисы и подписки,IBM,4295659024568617,34,14000
Автотрейд,2013-06-22 09:22,30.382569,59.889669,Автозвук и мультимедиа,Soundstream,4295659024568617,29,15000
СтройХаус,2018-12-06 15:20,30.409452,60.075356,Строительные материалы,Rockwool,4295659024568617,5,4000
Porivay Suit,2012-12-17 17:07,30.348972,59.914947,Спортивные костюмы,Columbia,4295659024568617,5,9500
М.Видео,2021-10-05 09:43,30.335195,60.058204,Устройства умного дома,Honeywell,4295659024568617,15,35000
VAG Club,2013-02-21 17:06,30.22647,59.996275,Автосигнализации и охранные системы,Black Bug,4245433524692681,15,26000
VAG Club,2018-07-04 19:48,30.22647,59.996275,Шины и диски,Hankook,4245433524692681,5,9000
Перекрёсток,2016-03-15 05:22,30.276031,59.942166,Бакалея,Makfa,4245433524692681,52,130
Elny,2016-01-18 12:09,30.259229,60.0078,Головные уборы,Ralph Lauren,4023114802788585,20,3500
Автотрейд,2012-12-03 12:56,30.169871,59.815811,Тормозные системы,Ferodo,4023114802788585,6,9000
Babochka,2024-10-27 13:27,29.872112,60.171461,Джинсы и брюки,Lee,4023114802788585,18,4500
Максидом,2022-06-24 22:54,30.386777,60.004162,Крепеж и метизы,Schneider,4023114802788585,6,4100
Barleone,2021-11-04 09:33,30.293232,59.959192,Обувь,Skechers,4023114802788585,5,6000
Eurospar,2023-02-12 03:35,30.34903,59.945452,Чай и кофе,Lipton,5458072849018578,13,150
М-Стерео,2016-11-28 10:22,30.367216,59.935317,Накопители данных,Kingston,5458072849018578,5,5500
Barleone,2015-04-04 18:49,30.293232,59.959192,Мужская одежда,Versace,4760367556827457,5,21000
Телемаркет24,2022-09-19 17:30,30.335758,60.067134,Электронные книги,Onyx Boox,4760367556827457,38,15000
Babochka,2023-10-05 08:01,30.379816,59.925405,Часы и украшения,Xiaomi,4276762888829714,13,25000
Перекрёсток,2024-08-20 01:10,30.158605,59.869137,Молочные продукты,Fruttis,4276762888829714,5,80
Barleone,2013-03-13 10:27,30.293232,59.959192,Одежда для сна,Jockey,4276762888829714,45,2200
Лемана Про,2013-04-02 18:16,30.300415,60.004457,Отделочные материалы,Rigips,5458071233073368,7,4700
Babochka,2021-08-11 18:14,30.373729,59.927942,Спортивные костюмы,Reebok,5458071233073368,15,8000
Elny,2013-10-29 12:43,30.257252,59.990067,Одежда для работы,Ann Taylor,4483699101642405,16,8500
DNS,2022-07-26 22:27,30.482103,59.908611,Автоэлектроника,JL Audio,4483699101642405,7,20000
Пятёрочка,2014-07-30 16:35,30.355012,59.957,Снеки и чипсы,Stacy's,6768025345025594,32,190
Porivay Suit,2017-05-18 12:33,30.356776,59.915184,Детская одежда,Nike,4245421188199416,8,3500
РеалЪ,2017-07-30 17:03,30.476855,59.904873,Орехи и сухофрукты,Семейный Сад,4245421188199416,42,420
Ситилинк,2024-08-09 11:13,30.268732,59.85252,Принтеры и сканеры,Canon,4245421188199416,26,22000
Телемаркет24,2023-03-11 15:01,30.205425,59.989928,Фото- и видеокамеры,Canon,4245421188199416,19,60000
Петрович,2020-12-22 17:10,30.165419,59.809854,Поливочные системы,Antelco,5469634844041062,60,8000
VAG Club,2018-02-24 13:01,30.444139,60.000501,Тормозные системы,Meyle,5484383115832499,5,9000
Авто Стори,2022-06-16 08:18,30.47283,59.885293,Автомобильные аксессуары,Husky Liners,5484383115832499,5,6000
restore,2021-07-23 13:07,30.515375,59.893985,Электронные книги,Tolino,5484383115832499,5,7000
DreamWhite,2022-04-23 11:59,30.370335,59.938003,Часы и украшения,Ulefone,5484383115832499,52,12000
СтройХаус,2012-10-16 08:23,30.44978,60.036823,Лестницы и стремянки,Centaur,5484383115832499,5,8000
StoreDima,2021-08-02 12:25,30.32422,59.929012,Автоэлектроника,JVC,5458078807949135,18,13000
Лемана Про,2025-03-11 12:31,30.389552,60.056215,Изоляционные материалы,Steico,5458078807949135,5,1500
OBI,2017-11-21 19:36,30.349319,59.871277,Декоративные элементы,Bostik,4023112056920244,44,2500
restore,2024-01-03 22:46,30.27508,59.941932,Мелкая бытовая техника,Polaris,4023112056920244,58,10000
Сатурн,2012-05-21 09:16,30.392081,59.889243,Системы водоснабжения,BWT,4023112056920244,24,26000
VAG Club,2022-07-16 11:28,30.22647,59.996275,Топливные системы,Pierburg,4023112056920244,5,10000
Лемана Про,2014-05-12 21:42,30.398137,59.800127,Декоративные элементы,Dulux,4023112056920244,30,3100
Elny,2018-01-10 18:20,30.361476,59.932748,Головные уборы,Stussy,5104107916898399,5,3500
OBI,2019-03-13 17:06,30.147238,59.993572,Садовые постройки,BillyOh,5104107916898399,5,41000
Автотрейд,2015-03-17 15:14,30.169871,59.815811,Автоинструменты и оборудование,Sunex,5104107916898399,5,8000
Ашан,2019-01-29 23:03,30.38196,60.091953,Орехи и сухофрукты,Фрутоняня,5458077543656005,5,350
ТехноНИКОЛЬ,2015-02-05 12:50,30.526859,59.620811,Освещение,Cree,5458077543656005,14,1800
Elny,2020-10-05 20:52,30.361476,59.932748,Детская одежда,Under Armour,5458077543656005,12,3500
StoreDima,2023-04-24 19:56,30.32422,59.929012,Сетевые сервисы и подписки,VMware,5458077543656005,6,11000
Пятёрочка,2015-07-28 23:05,30.243763,59.930595,Детское питание,Earth's Best,5458077543656005,5,170
М-Стерео,2023-04-13 14:02,30.367216,59.935317,Программируемые устройства,Pololu,4023118514481383,42,3100
Ситилинк,2017-11-28 20:26,30.271897,59.900793,Ноутбуки,Panasonic,4023118514481383,22,65000
Петрович,2017-07-12 23:54,30.165382,59.809835,Садовая мебель,Sika-Design,4023118514481383,5,50000
М.Видео,2016-04-22 19:20,30.319245,59.92564,Компьютерные периферийные устройства,Logitech,4023118514481383,5,15000
Петрович,2012-10-07 20:05,30.354297,60.075893,Садовая мебель,ScanCom,5484760613828523,5,38000
Дикси,2018-10-17 21:59,30.297314,59.95505,Бакалея,Mivina,5484760613828523,5,100
Петрович,2013-03-22 20:26,30.23458,59.996405,Вентиляция и кондиционирование,Mitsubishi Electric,5484760613828523,5,140000
VAG Club,2024-07-05 21:25,30.444139,60.000501,Автосигнализации и охранные системы,Black Bug,5484760613828523,13,26000
Телемаркет24,2018-05-24 13:50,30.424798,60.048503,Электронные книги,Kobo,4279226582039356,18,9000
Авто Стори,2015-03-04 16:34,30.47283,59.885293,Автосигнализации и охранные системы,Sobr,4245429832608798,5,19000
Автотрейд,2019-04-07 14:19,30.382569,59.889669,Двигатели и компоненты,SKF,4245429832608798,5,85000
Barleone,2013-05-05 17:25,30.293232,59.959192,Сумки и рюкзаки,Marc Jacobs,4245429832608798,14,80000
Авто Стори,2020-08-02 10:33,30.385865,59.892103,Топливные системы,Hitachi,4245429832608798,30,11500
DreamWhite,2017-08-27 15:31,30.359178,59.938404,Футболки и майки,GAP,4245429832608798,5,2200
DreamWhite,2016-07-11 17:02,30.304204,59.960815,Одежда для беременных,Gap Maternity,4276665704968390,13,3800
DreamWhite,2018-03-24 20:13,30.370335,59.938003,Спортивные костюмы,The North Face,4276665704968390,14,10000
PisterGSM,2016-05-28 20:01,30.36603,59.932429,Накопители данных,LaCie,5488377990666141,7,7500
VAG Club,2021-05-14 10:25,30.22647,59.996275,Автомобильные аксессуары,BlackVue,4760367192216213,9,20000
СтройХаус,2022-12-06 10:07,30.482775,60.002994,Садовые постройки,Suncast,4760367192216213,19,42000
М.Видео,2022-10-14 11:17,30.36925,59.875842,Телефоны и оборудование для стационарной связи,Oricom,4760367192216213,31,4500
Петрович,2012-01-23 12:02,30.206649,59.85461,Мебель для ванной,Vitra,4760367192216213,5,29000
Eurospar,2012-01-31 13:39,30.284023,59.944569,Чай и кофе,Tess,4760367192216213,57,130
Дизель спот,2013-11-06 12:34,30.235619,59.993021,Трансмиссии,Bosch,4245439368219469,5,140000
Авто Стори,2016-10-11 17:20,30.47283,59.885293,Шины и диски,Continental,4245439368219469,22,11500
DreamWhite,2022-09-19 14:04,30.332892,59.792867,Одежда для беременных,Motherhood Maternity,4245439368219469,10,4000
Азбука вкуса,2018-11-21 17:24,30.314909,59.90529,Масла и жиры,Красное Знамя,4245439368219469,5,125
Дизель спот,2016-05-24 22:42,30.468788,59.960016,Системы охлаждения,Meyle,4245439368219469,8,12000
Barleone,2024-08-06 11:55,30.293232,59.959192,Аксессуары,Gucci,4021778477775720,5,50000
Автотрейд,2013-12-31 13:59,30.235785,59.992793,Автомобильные аптечки и аварийные наборы,Дорожная карта,5458071477893569,5,2400
DreamWhite,2015-10-16 16:41,30.304204,59.960815,Свитера и кардиганы,Lacoste,5458071477893569,6,7000
OBI,2024-06-29 21:13,30.147238,59.993572,Гипсокартон и комплектующие,Kreisel,5268232216990853,10,390
PisterGSM,2017-09-07 21:18,30.36603,59.932429,Аудиооборудование,KEF,5268232216990853,14,52000
Лента,2023-11-10 13:38,30.40236,60.011515,Напитки,Volvic,5268232216990853,5,95
GATE31,2021-04-10 19:57,30.309594,59.964426,Одежда для активного отдыха,Prana,5268232216990853,5,10000
GATE31,2022-10-31 16:37,30.360159,59.943736,Спортивная одежда,Patagonia,5411593956360260,13,9000
Дизель спот,2025-02-27 20:16,30.235619,59.993021,Тормозные системы,Power Stop,5411593956360260,8,11500
DreamWhite,2018-11-28 17:50,30.370335,59.938003,Головные уборы,Puma,5411593956360260,5,2200
Сатурн,2023-07-26 15:46,30.352088,59.996967,Системы канализации,Pragma,5498910221701698,5,10000
StoreDima,2014-03-11 21:52,30.32422,59.929012,Автоэлектроника,Sony,5498910221701698,5,16000
StoreDima,2017-01-14 10:18,30.32422,59.929012,Носимая электроника,Xiaomi,5498910221701698,21,15000
РеалЪ,2019-01-24 18:12,30.414431,59.94991,Продукты для вегетарианцев,Daiya,5189964777335179,5,260
Porivay Suit,2018-01-12 10:18,30.348972,59.914947,Головные уборы,Zara,5213427782016212,5,1600
Porivay Suit,2013-11-03 21:36,30.356776,59.915184,Белье и ночные сорочки,La Perla,5213427782016212,5,10000
Eurospar,2021-07-11 13:43,30.284029,59.944536,Детское питание,Beech-Nut,5213427782016212,5,140
ТехноНИКОЛЬ,2020-01-12 09:30,30.432281,59.897979,Системы канализации,Kaldewei,5213427782016212,11,14000
Автотрейд,2023-12-11 19:50,30.169871,59.815811,Автозвук и мультимедиа,Sony,5213427782016212,65,16000
М.Видео,2023-08-13 15:05,30.511585,59.894069,Компьютерные периферийные устройства,Creative,5432111000581921,21,12000
Максидом,2023-08-27 09:15,30.38423,60.002149,Инструменты и оборудование,Festool,5432111000581921,16,28000
Barleone,2019-12-25 20:38,30.293232,59.959192,Свитера и кардиганы,Levi's,5432111000581921,42,6000
Магнит,2012-05-09 22:12,30.407038,59.934885,Продукты для вегетарианцев,Violife,5432111000581921,5,270
Петрович,2014-01-09 17:16,30.354297,60.075893,Герметики и монтажная пена,Soudatherm,4023123779340531,40,360
СтройХаус,2012-06-29 10:19,30.44978,60.036823,Напольные покрытия,Gerflor,4023123779340531,5,1950
OBI,2022-01-09 13:03,30.147238,59.993572,Садовая мебель,Fermob,4279774586515515,5,45000
Лента,2025-04-19 16:33,30.24024,60.038992,Мясо и птица,Велком,4279774586515515,10,400
Ситилинк,2021-07-09 23:55,30.487587,59.951173,Планшеты,Xiaomi,4279774586515515,5,35000
Ситилинк,2016-06-21 15:31,30.616702,59.730483,Компьютерные периферийные устройства,Acer,4279774586515515,7,14000
Barleone,2018-09-08 21:04,30.293232,59.959192,Одежда для сна,Hanes,6768451276378632,5,1800
Barleone,2020-03-24 12:20,30.293232,59.959192,Перчатки и шарфы,Ted Baker,6768451276378632,16,11000
М.Видео,2012-03-28 13:37,30.472608,59.742865,Программируемые устройства,ROBOTIS,6768451276378632,6,5500
Лента,2013-05-04 19:51,30.362929,59.831652,Крупы и макароны,Агро-Альянс,6768451276378632,5,100
СтройХаус,2012-05-15 09:33,30.44978,60.036823,Фасадные материалы,Technonicol,4476246278280574,5,1450
Пятёрочка,2021-07-09 20:53,30.348069,59.923644,Товары для выпечки,Swans Down,4582793643089391,22,130
restore,2022-02-10 15:37,30.367769,60.033526,Настольные компьютеры,Corsair,4582793643089391,5,100000
М-Стерео,2013-12-18 18:08,30.355453,59.938372,Программное обеспечение,IBM,4582793643089391,19,220000
PisterGSM,2021-08-10 17:08,30.36603,59.932429,Системы безопасности,Blink,4582793643089391,5,14000
Дикси,2018-05-07 13:31,30.305306,59.924337,Масла и жиры,Шедевр,6764215060476762,8,150
Babochka,2022-11-30 10:50,30.336152,59.802006,Купальники и пляжная одежда,Aerie,6764215060476762,5,3500
Eurospar,2021-07-06 17:54,30.284023,59.944569,Консервы,Рыбное меню,6764215060476762,43,145
DreamWhite,2018-09-29 12:27,30.332892,59.792867,Часы и украшения,OnePlus,6764215060476762,59,40000
Babochka,2018-06-22 22:26,30.418657,59.940382,Одежда для сна,Ralph Lauren,5436726323649242,46,6000
OBI,2019-05-12 21:46,30.147238,59.993572,Фасадные материалы,Paroc,5436726323649242,26,1500
StoreDima,2021-07-16 19:47,30.32422,59.929012,Телефоны и оборудование для стационарной связи,Siemens,5436726323649242,22,6500
Elny,2021-12-30 22:31,30.315904,59.926132,Одежда для сна,Victoria's Secret,5436726323649242,21,5000
М-Стерео,2023-06-08 13:45,30.367216,59.935317,3D-принтеры и аксессуары,Creality,5436726323649242,6,30000
ТехноНИКОЛЬ,2012-11-23 10:19,30.282577,60.073813,Крепеж и метизы,Reisser,4276661959025430,12,3400
СтройХаус,2016-08-05 18:16,30.478379,60.015703,Лестницы и стремянки,Hailo,4276661959025430,5,16000
Автотрейд,2020-09-18 18:19,30.235785,59.992793,Тормозные системы,Bendix,4276661959025430,5,11000
ТехноНИКОЛЬ,2016-02-10 14:25,30.432281,59.897979,Системы водоснабжения,BWT,4023120109933348,22,26000
Лемана Про,2024-05-12 14:42,30.236232,60.038227,Сантехника,Vidima,4023120109933348,13,13000
Пятёрочка,2022-09-21 12:39,30.238812,59.840968,Орехи и сухофрукты,Bite,4023120109933348,48,520
Elny,2013-06-08 18:53,30.378002,59.83122,Одежда для беременных,Boohoo Maternity,4021787997974076,14,2800
DreamWhite,2015-04-08 20:20,30.332892,59.792867,Костюмы и пиджаки,Versace,4021787997974076,5,80000
Лента,2013-04-19 15:34,30.362929,59.831652,Орехи и сухофрукты,Азбука Вкуса,4021787997974076,10,550
Дизель спот,2019-09-23 20:34,30.444036,59.950531,Шины и диски,Maxxis,4021787997974076,17,8000
DreamWhite,2015-09-27 08:40,30.304204,59.960815,Футболки и майки,Fila,4021787997974076,8,2600
Лента,2021-06-13 23:35,30.227901,59.98466,Крупы и макароны,Увелка,4760368239643095,15,90
Автотрейд,2019-10-20 09:58,30.382332,59.889032,Топливные системы,SMP,4760368239643095,5,10000
СтройХаус,2016-09-22 13:07,30.249342,60.034898,Отделочные материалы,Atlas,4760368239643095,5,4100
М.Видео,2018-07-04 12:53,30.353415,59.988312,Устройства виртуальной и дополненной реальности,Meta,4760368239643095,5,36000
М-Стерео,2024-09-04 21:21,30.355453,59.938372,Офисная техника,Brother,4760368239643095,22,27000
Авто Стори,2014-06-15 14:21,30.47283,59.885293,Шины и диски,Cooper,4245446800428139,52,8500
Porivay Suit,2014-02-13 09:31,30.356776,59.915184,Одежда для активного отдыха,Smartwool,4245446800428139,42,12000
Азбука вкуса,2023-08-29 09:23,30.34879,59.94209,Молочные продукты,Campina,4245446800428139,48,85
GATE31,2024-05-22 19:16,30.344614,59.930422,Одежда для сна,Oysho,5189018333777491,25,2800
Babochka,2021-10-07 11:08,30.373729,59.927942,Одежда для беременных,Queen Bee Maternity,5189018333777491,8,4300
Максидом,2022-07-24 12:51,30.267628,59.95185,Садовая техника,Snapper,5189018333777491,27,55000
Пятёрочка,2015-06-15 02:19,30.355012,59.957,Товары для выпечки,Wilton,4276935725969605,5,155
Barleone,2012-02-01 12:46,30.293232,59.959192,Перчатки и шарфы,Dolce & Gabbana,4276935725969605,5,22000
Дизель спот,2016-08-24 10:56,30.468788,59.960016,Шины и диски,Nexen,4276935725969605,5,7000
СтройХаус,2017-08-29 12:15,30.482775,60.002994,Освещение,Halo Lighting,4276935725969605,5,1850
GATE31,2021-01-29 13:47,30.360159,59.943736,Эко-одежда,Everlane,4276935725969605,27,11000
Elny,2013-05-14 13:30,30.14755,59.581967,Платья и юбки,Mohito,4245449879897326,32,2700
PisterGSM,2014-06-18 11:23,30.36603,59.932429,Автоэлектроника,Rockford Fosgate,4245449879897326,7,19000
Дикси,2017-02-09 17:38,30.342309,59.946957,Бакалея,Uncle Ben's,4245449879897326,16,220
Афоня,2018-04-01 22:45,30.507137,59.9086,Системы канализации,Deka,4245449879897326,45,9000
VAG Club,2024-02-06 23:53,30.22647,59.996275,Тормозные системы,Wagner,5469684519712175,5,9500
VAG Club,2024-04-12 09:17,30.22647,59.996275,Шины и диски,Firestone,4023126580548169,5,9500
DreamWhite,2023-03-09 17:53,30.370335,59.938003,Джинсы и брюки,American Eagle,4023126580548169,5,5000
Barleone,2015-03-08 10:43,30.293232,59.959192,Эко-одежда,Stella McCartney,5342602524951156,5,25000
GATE31,2017-09-06 11:10,30.309594,59.964426,Джинсы и брюки,Levi's,5342602524951156,5,6000
Автотрейд,2021-11-17 07:53,30.235785,59.992793,Автомобильные лампы и освещение,Lumen,5342602524951156,5,1500
DreamWhite,2022-07-11 16:54,30.359178,59.938404,Одежда для йоги,Free People Movement,5536913139915889,5,7500
Максидом,2013-02-19 15:32,30.267628,59.95185,Освещение,MaxLite,5536913139915889,5,950
Авто Стори,2023-08-11 18:02,30.385865,59.892103,Системы охлаждения,Mahle,5536913139915889,5,13000
РеалЪ,2013-09-21 01:36,30.380023,59.963715,Готовые блюда,Сытоедов,5313444144095880,5,230
Автотрейд,2015-12-18 13:45,30.169871,59.815811,Автоинструменты и оборудование,Bosch,5313444144095880,5,15000
Дикси,2014-02-05 23:41,30.316516,59.932057,Супы и бульоны,Nissin,5209547857510146,5,120
Barleone,2015-08-28 13:54,30.293232,59.959192,Мужская одежда,Reebok,5209547857510146,22,5500
Babochka,2017-01-19 16:39,30.329209,59.793891,Костюмы и пиджаки,Saint Laurent,5209547857510146,5,85000
GATE31,2017-02-14 19:24,30.354525,59.98708,Мужская одежда,Tommy Hilfiger,5209547857510146,5,9000
Дикси,2024-05-24 12:42,30.365804,59.93078,Бакалея,Mivina,5209547857510146,22,100
GATE31,2014-08-18 20:43,30.354525,59.98708,Эко-одежда,Allbirds,5101443346315720,5,8000
VAG Club,2013-12-28 21:43,30.22647,59.996275,Автосигнализации и охранные системы,Zont,5101443346315720,17,24000
Пятёрочка,2015-08-04 18:17,30.238812,59.840968,Готовые блюда,Knorr,5101443346315720,21,140
Дон Телефон,2012-03-04 09:34,30.321769,59.927084,Программное обеспечение,IBM,5101443346315720,5,220000
Лента,2016-05-29 18:15,30.470295,59.951686,Специи и пряности,Frontier Co-op,4274225065348846,27,220
Дизель спот,2023-09-29 12:35,30.444036,59.950531,Автомобильные аксессуары,Dometic,4274225065348846,5,18000
Авто Стори,2018-05-11 11:26,30.385865,59.892103,Электрооборудование,Bremi,4274225065348846,21,9500
Дизель спот,2016-11-10 12:17,30.235619,59.993021,Трансмиссии,Valeo,4274225065348846,17,110000
Авто Стори,2013-10-23 15:33,30.47283,59.885293,Автоинструменты и оборудование,OTC Tools,5486746846604128,5,12000
GATE31,2018-09-15 10:59,30.344614,59.930422,Белье и ночные сорочки,Lise Charmel,5486746846604128,17,6500
PisterGSM,2013-08-01 20:29,30.36603,59.932429,Автоэлектроника,Sony,5486746846604128,5,16000
Авто Стори,2014-06-25 18:39,30.47283,59.885293,Автосигнализации и охранные системы,Pandora,4277155732859669,20,25000
Babochka,2025-01-13 22:34,30.329209,59.793891,Часы и украшения,UMIDIGI,4277155732859669,5,13000
Barleone,2023-12-18 21:49,30.293232,59.959192,Рубашки и блузы,Lacoste,4277155732859669,33,4200
СтройХаус,2015-10-01 14:29,30.372729,59.95475,Поливочные системы,Melnor,4277155732859669,36,9500
Лемана Про,2022-07-30 21:32,30.301495,60.003961,Краски и лаки,Hammerite,4277155732859669,5,2600
Лента,2016-10-24 22:28,30.272381,60.074949,Чай и кофе,Tchibo,4245432727620041,16,280
РеалЪ,2023-09-06 17:25,30.476855,59.904873,Чай и кофе,Brooke Bond,4245432727620041,28,140
Авто Стори,2019-07-09 20:41,30.385865,59.892103,Автомобильные лампы и освещение,Tungsram,4245432727620041,33,1200
DNS,2014-11-12 17:57,30.446537,59.876775,Программное обеспечение,MathWorks,4279479155780339,5,130000
Азбука вкуса,2018-06-23 13:03,30.14606,59.994265,Органические продукты,Kashi,4279479155780339,5,160
Elny,2012-10-16 11:01,30.41495,60.036861,Одежда для сна,Zara,4279479155780339,31,3500
М.Видео,2014-09-02 19:17,30.319245,59.92564,Дроны и робототехника,Parrot,4279479155780339,5,60000
Дизель спот,2023-01-05 21:41,30.468788,59.960016,Двигатели и компоненты,Lucas,4279479155780339,5,80000
Перекрёсток,2015-07-26 16:40,30.403867,59.836444,Снеки и чипсы,Utz,4274992811709001,7,140
Перекрёсток,2022-02-19 22:58,30.384758,59.703591,Сладости и десерты,Ghirardelli,4274992811709001,7,500
Eurospar,2012-09-26 21:04,30.284029,59.944536,Детское питание,Hipp,4274992811709001,5,160
Пятёрочка,2020-12-20 02:21,30.33418,60.000021,Масла и жиры,Астон,4274992811709001,5,140
Азбука вкуса,2023-11-07 10:27,30.314295,60.04879,Орехи и сухофрукты,Bombbar,4274992811709001,5,430
Ашан,2024-11-01 07:54,30.401603,59.899487,Масла и жиры,Астон,4276282616860464,5,140
Дон Телефон,2015-09-18 21:22,30.320953,59.927913,Устройства виртуальной и дополненной реальности,Oculus,4276282616860464,5,35000
Дон Телефон,2013-01-22 08:34,30.320953,59.927913,Телефоны и оборудование для стационарной связи,Panasonic,4276282616860464,5,7000
Петрович,2016-05-29 10:43,30.206649,59.85461,Изоляционные материалы,Knauf Insulation,4276282616860464,19,1300
Азбука вкуса,2012-10-18 13:11,30.314909,59.90529,Хлеб и выпечка,Каравай,4276282616860464,29,55
restore,2019-07-14 13:56,30.355066,59.987391,Кабели и адаптеры,Monoprice,4874445071709142,9,1200
Elny,2019-12-16 13:16,30.378002,59.83122,Костюмы и пиджаки,Versace,4874445071709142,19,80000
Ашан,2016-03-08 18:31,30.389656,60.053224,Алкогольные напитки,Grey Goose,4874445071709142,13,3000
Дикси,2015-03-23 18:29,30.361594,59.939402,Товары для выпечки,Betty Crocker,5341302860112488,21,120
Максидом,2021-05-08 22:33,30.267628,59.95185,Садовая техника,Karcher,5341302860112488,35,45000
Babochka,2014-01-26 19:30,30.342662,59.945058,Платья и юбки,Bershka,5341302860112488,16,3500
VAG Club,2022-03-26 21:07,30.22647,59.996275,Топливные системы,Holley,5341302860112488,5,12000
Максидом,2016-10-01 22:31,30.36521,59.811704,Лестницы и стремянки,Tubesca,4023127486600244,5,8000
Автотрейд,2015-09-06 14:18,30.382332,59.889032,Автомобильные масла и жидкости,BP,4023127486600244,5,2400
VAG Club,2015-04-07 10:09,30.444139,60.000501,Системы охлаждения,Valeo,4023127486600244,5,14000
Barleone,2023-08-17 21:36,30.293232,59.959192,Женская одежда,Stradivarius,4023127486600244,5,2600
GATE31,2021-01-02 13:04,30.345298,59.930685,Одежда для йоги,Fabletics,5448009386134835,24,6000
СтройХаус,2021-06-01 23:55,30.478379,60.015703,Электрика,Eaton,5448009386134835,5,4800
GATE31,2018-12-29 10:11,30.345298,59.930685,Верхняя одежда,Arc'teryx,5448009386134835,5,25000
Дикси,2013-11-03 12:39,30.302106,59.968176,Соусы и приправы,Tabasco,5448009386134835,27,180
Eurospar,2020-08-14 02:37,30.34903,59.945452,Фрукты и овощи,Chiquita,5448009386134835,17,160
Автотрейд,2014-04-27 17:42,30.382332,59.889032,Трансмиссии,ACDelco,5213426943342476,36,110000
Elny,2022-07-10 19:44,30.343427,59.926674,Обувь,Fila,5213426943342476,20,6500
PisterGSM,2016-10-16 10:33,30.36603,59.932429,Кабели и адаптеры,AmazonBasics,5213426943342476,5,1000
restore,2012-09-28 09:52,30.308129,59.963536,Ноутбуки,Fujitsu,5213426943342476,11,60000
Автотрейд,2013-11-21 16:34,30.382332,59.889032,Автомобильные аксессуары,Bosch,5209544252814584,5,3500
Афоня,2019-09-11 13:40,30.42897,59.951745,Освещение,TCP,4245437316239541,5,900
Дикси,2015-08-31 21:56,30.380808,59.945774,Напитки,Sprite,4245437316239541,24,80
Лемана Про,2019-09-16 19:18,30.244619,59.954959,Инструменты и оборудование,Kobalt,4245437316239541,34,17000
Porivay Suit,2017-06-02 12:15,30.348972,59.914947,Спортивная одежда,Under Armour,4245437316239541,9,7500
Дизель спот,2016-12-02 20:23,30.444036,59.950531,Системы охлаждения,Mishimoto,4245437316239541,35,16000
Babochka,2013-11-08 10:31,30.329209,59.793891,Часы и украшения,Huawei,5176475243899707,23,35000
Barleone,2020-02-01 11:34,30.293232,59.959192,Женская одежда,Banana Republic,5176475243899707,67,3400
Автотрейд,2013-10-14 14:32,30.382332,59.889032,Трансмиссии,Allison Transmission,5176475243899707,5,160000
Barleone,2012-10-30 14:18,30.293232,59.959192,Рубашки и блузы,AllSaints,4274659631673286,5,4400
Сатурн,2013-03-27 19:23,30.310659,59.852734,Изоляционные материалы,Foamular,4274659631673286,10,1600
Перекрёсток,2019-01-31 22:37,30.286508,60.000051,Здоровое питание,Alara,4274659631673286,29,250
Азбука вкуса,2024-12-08 23:07,30.359189,59.931679,Продукты для спортсменов,Vega,4279026097468189,9,3000
Porivay Suit,2013-12-08 22:18,30.348972,59.914947,Женская одежда,Mango,4279026097468189,5,3500
М.Видео,2017-06-10 15:38,30.272001,60.002106,Кабели и адаптеры,Logitech,4279026097468189,29,1600
Elny,2016-05-04 12:02,30.275569,59.852219,Одежда для дома,Oysho,4279026097468189,8,1700
VAG Club,2013-09-28 15:25,30.444139,60.000501,Автомобильные лампы и освещение,M-Tech,4279026097468189,11,1300
Porivay Suit,2016-04-02 22:21,30.348972,59.914947,Одежда для активного отдыха,Helly Hansen,4023125483362015,17,13000
Автотрейд,2012-07-11 20:25,30.382569,59.889669,Автомобильные аптечки и аварийные наборы,Автостандарт,5127045318029908,8,2300
restore,2024-12-06 15:02,30.446447,59.911725,Мониторы,Dell,5127045318029908,9,35000
РеалЪ,2012-02-03 14:43,29.725923,60.189453,Товары для выпечки,Martha White,5127045318029908,5,105
restore,2019-06-27 10:21,30.515375,59.893985,Батарейки и зарядные устройства,Mophie,5127045318029908,5,650
OBI,2013-09-28 19:10,30.518781,59.894747,Декоративные элементы,DecoStar,5469136284597041,5,1700
Авто Стори,2013-08-26 19:52,30.47283,59.885293,Автомобильные аптечки и аварийные наборы,Пилот,5469136284597041,14,1800
DreamWhite,2016-07-25 14:13,30.359178,59.938404,Футболки и майки,Fila,5469136284597041,49,2600
DreamWhite,2014-04-09 10:05,30.370335,59.938003,Платья и юбки,Urban Outfitters,4276417079668629,5,6000
Porivay Suit,2023-02-24 09:10,30.356776,59.915184,Белье и ночные сорочки,Agent Provocateur,4276417079668629,43,9000
Петрович,2017-10-16 17:33,30.417173,59.861651,Напольные покрытия,Balterio,4276417079668629,5,1750
М.Видео,2015-04-01 10:15,30.224285,59.855638,3D-принтеры и аксессуары,Artillery,4276417079668629,8,45000
PisterGSM,2018-08-09 09:44,30.36603,59.932429,Батарейки и зарядные устройства,Maxell,5185884841532719,12,360
Пятёрочка,2017-02-24 20:59,30.19693,59.989027,Безалкогольные напитки,Rockstar,5185884841532719,5,150
СтройХаус,2023-11-20 10:21,30.436413,59.946501,Отделочные материалы,Rockwool,5185884841532719,24,5500
Лемана Про,2021-03-12 23:14,30.236354,60.038157,Кровельные материалы,Tegola,5579668289297220,18,2100
Babochka,2021-02-11 13:23,30.300985,60.004935,Обувь,Saucony,5579668289297220,13,8500
Петрович,2014-11-14 20:08,30.344219,60.06293,Системы канализации,Aquatherm,4276282315324491,5,15000
restore,2012-04-13 20:36,30.301078,60.005219,Сетевое оборудование,Fortinet,5584814885098231,5,16000
Телемаркет24,2019-06-10 17:18,30.424798,60.048503,Компьютерные периферийные устройства,ROCCAT,5326847457371598,14,15000
Elny,2022-03-23 12:09,30.293474,59.960791,Одежда для йоги,Free People Movement,5326847457371598,5,7500
StoreDima,2015-02-11 11:54,30.32422,59.929012,Электронные книги,Barnes & Noble,5326847457371598,19,10000
Porivay Suit,2021-06-22 14:52,30.348972,59.914947,Сумки и рюкзаки,Hermès,5326847457371598,33,300000
GATE31,2023-02-02 18:57,30.360159,59.943736,Платья и юбки,Sinsay,4276311865482113,5,2500
Пятёрочка,2016-05-09 11:31,30.262451,59.950149,Готовые блюда,Роллтон,4276311865482113,24,45
Eurospar,2017-07-29 20:50,30.359726,59.948455,Бакалея,Maggi,4276311865482113,19,170
Магнит,2021-05-10 11:10,30.413312,59.893604,Диетические продукты,BSN,4258858273694963,29,2100
Дизель спот,2020-10-07 21:48,30.468788,59.960016,Автосигнализации и охранные системы,KGB,4258858273694963,5,11000
Дизель спот,2021-08-21 19:47,30.444036,59.950531,Системы охлаждения,Dayco,4258858273694963,5,10500
Автотрейд,2023-12-08 13:26,30.235785,59.992793,Шины и диски,Michelin,4258858273694963,5,12000
Ашан,2023-07-17 10:42,30.513685,59.894625,Соусы и приправы,Tapatio,5363922254999556,5,170
Магнит,2023-01-10 16:35,30.414157,59.927054,Бакалея,Greenfield,5363922254999556,36,300
restore,2018-12-10 22:48,30.355066,59.987391,Настольные компьютеры,Corsair,5363922254999556,16,100000
StoreDima,2023-10-08 17:06,30.32422,59.929012,Электронные книги,Kobo,5363922254999556,39,9000
Максидом,2017-04-03 18:07,30.267628,59.95185,Садовый инвентарь,Toro,5363922254999556,23,6200
PisterGSM,2020-07-18 13:41,30.36603,59.932429,Настольные компьютеры,NZXT,4023122105311775,26,105000
Мастеровой,2021-12-20 10:40,30.314396,59.926407,Системы водоснабжения,Danfoss,4023122105311775,25,27000
Афоня,2024-10-22 11:36,30.257194,59.952773,Декоративные элементы,Knauf,5224583913479180,22,2400
Лента,2016-06-23 21:10,30.238926,60.029599,Рыба и морепродукты,Морской мир,5224583913479180,33,570
VAG Club,2017-11-18 20:40,30.444139,60.000501,Топливные системы,Delphi,5224583913479180,33,10000
Перекрёсток,2012-09-21 21:35,30.340344,60.072069,Органические продукты,Muir Glen,5183631934794505,5,180
Авто Стори,2016-10-01 16:30,30.47283,59.885293,Автомобильные аксессуары,Bosch,5268231140074567,21,3500
Дизель спот,2023-07-09 10:19,30.235619,59.993021,Системы охлаждения,Nissens,5268231140074567,5,12500
Barleone,2023-04-10 18:10,30.293232,59.959192,Костюмы и пиджаки,Gucci,4276333113917996,23,90000
Авто Стори,2023-10-25 11:41,30.47283,59.885293,Автомобильные лампы и освещение,Neolux,4276333113917996,7,1100
ТехноНИКОЛЬ,2019-09-29 19:25,30.526859,59.620811,Поливочные системы,Hozelock,4276333113917996,27,11500
Магнит,2023-05-31 19:08,30.436802,59.977592,Алкогольные напитки,Captain Morgan,4276333113917996,5,1600
Porivay Suit,2022-02-24 20:43,30.356776,59.915184,Домашняя одежда,Schiesser,4268907311300386,21,3100
Дон Телефон,2017-07-29 13:03,30.321769,59.927084,Игровые консоли и аксессуары,SteelSeries,4268907311300386,25,12000
Porivay Suit,2023-12-10 11:48,30.356776,59.915184,Детская одежда,Burberry,4268907311300386,17,6000
Перекрёсток,2020-04-21 06:23,30.450841,59.899628,Здоровое питание,The Bridge,4303239160584952,5,250
Дизель спот,2024-07-19 11:52,30.444036,59.950531,Автомобильные аксессуары,BlackVue,4274324126431837,28,20000
Ситилинк,2012-05-27 11:32,29.892438,59.881339,3D-принтеры и аксессуары,Voxelab,4279200931767785,24,35000
DreamWhite,2015-06-18 13:16,30.332892,59.792867,Свитера и кардиганы,Hugo Boss,4279200931767785,5,9000
VAG Club,2012-04-18 19:36,30.22647,59.996275,Шины и диски,Cooper,4279200931767785,5,8500
Азбука вкуса,2017-09-23 02:26,30.225444,59.942178,Хлеб и выпечка,Бородинский,4279200931767785,15,50
StoreDima,2020-12-28 09:56,30.32422,59.929012,Автоэлектроника,Clarion,4279200931767785,5,12000
Elny,2023-01-05 15:36,30.378002,59.83122,Аксессуары,Kate Spade,4245423668256339,23,20000
VAG Club,2013-11-01 11:11,30.444139,60.000501,Автомобильные лампы и освещение,Vision X,4245423668256339,5,1800
М.Видео,2020-11-01 19:14,30.335195,60.058204,Кабели и адаптеры,Microsoft,4245423668256339,5,2200
М-Стерео,2014-02-02 20:59,30.355453,59.938372,Ноутбуки,MSI,4023112652190590,10,75000
VAG Club,2013-11-27 17:49,30.22647,59.996275,Двигатели и компоненты,Bosch,5484221910884679,16,120000
Петрович,2021-02-13 13:29,30.23458,59.996405,Садовая техника,Greenworks,5484221910884679,22,50000
VAG Club,2020-03-14 12:19,30.444139,60.000501,Автомобильные аксессуары,Thule,5484221910884679,5,15000
Дикси,2022-10-16 23:52,30.29012,60.005244,Хлеб и выпечка,Старооскольский хлеб,5484221910884679,10,65
GATE31,2016-07-08 23:50,30.346968,59.918223,Джинсы и брюки,Tommy Hilfiger,4023110929100401,19,7500
DNS,2016-05-23 17:09,30.47365,59.950769,Принтеры и сканеры,Samsung,4023110929100401,5,24000
Barleone,2012-12-20 23:28,30.293232,59.959192,Свитера и кардиганы,H&M,4023110929100401,5,3000
Лента,2012-05-03 15:00,30.393534,59.987134,Мясо и птица,Клинский,4023110929100401,5,430
Афоня,2025-01-27 15:48,30.303072,59.963994,Садовая техника,Karcher,4023110929100401,5,45000
Пятёрочка,2013-11-23 13:12,30.275239,59.942676,Товары для выпечки,Bob's Red Mill,5486730004208771,16,160
Автотрейд,2015-05-08 12:58,30.382332,59.889032,Автосигнализации и охранные системы,Convoy,5486730004208771,5,10000
Перекрёсток,2020-06-06 20:44,30.503397,59.830954,Фрукты и овощи,Sunkist Growers,5486730004208771,5,340
Максидом,2013-06-06 17:11,30.267628,59.95185,Садовый декор,Wind & Weather,4023118602212997,5,21000
СтройХаус,2019-03-27 09:22,30.482775,60.002994,Инструменты и оборудование,Dremel,4023118602212997,5,12000
М-Стерео,2012-11-18 11:22,30.355453,59.938372,Дроны и робототехника,Air Hogs,4279411512955506,10,10000
Магнит,2018-10-29 01:01,30.199792,59.856306,Продукты для диабетиков,Diabetic Kitchen,5189962174788899,10,900
Максидом,2018-01-23 18:18,30.38423,60.002149,Инструменты и оборудование,Ryobi,4023110731221509,5,18000
Ашан,2016-07-23 19:01,30.350265,59.868921,Соусы и приправы,Pace,4023110731221509,5,140
Ситилинк,2023-06-13 18:07,30.369238,59.810188,Аудиооборудование,Bose,4023125097824007,27,50000
РеалЪ,2014-08-17 23:51,30.310543,59.840424,Детское питание,Holle,4023125097824007,5,175
Eurospar,2022-11-02 15:11,30.334406,59.935163,Диетические продукты,MuscleTech,4023125097824007,26,2000
Дизель спот,2014-03-10 08:06,30.468788,59.960016,Трансмиссии,Eaton,4023125097824007,23,145000
СтройХаус,2014-12-25 16:42,30.436413,59.946501,Мебель для ванной,Aquanet,5183636491055668,5,19000
Дизель спот,2013-10-27 20:20,30.235619,59.993021,Тормозные системы,Hawk Performance,5183636491055668,53,13500
Авто Стори,2017-11-27 18:24,30.47283,59.885293,Автозвук и мультимедиа,Kenwood,5183636491055668,5,14000
Азбука вкуса,2018-05-27 14:39,30.314909,59.90529,Готовые блюда,Бистро,5183636491055668,5,190
Elny,2017-07-06 09:27,30.257252,59.990067,Часы и украшения,UMIDIGI,5183636491055668,22,13000
Петрович,2019-04-13 20:34,30.23458,59.996405,Строительные материалы,Paroc,5488420978840228,9,3800
Авто Стори,2025-04-01 15:43,30.385865,59.892103,Автоинструменты и оборудование,Bosch,5488420978840228,10,15000
restore,2023-03-18 16:25,30.306058,59.962236,Дроны и робототехника,Walkera,5488420978840228,27,50000
Ашан,2016-02-13 19:11,30.350265,59.868921,Здоровое питание,Nature's Path,5488420978840228,5,350
Porivay Suit,2012-11-21 23:31,30.348972,59.914947,Домашняя одежда,Marks & Spencer,4245445580983960,23,3000
Elny,2020-10-23 09:47,30.259229,60.0078,Аксессуары,Marc Jacobs,4245445580983960,8,35000
Афоня,2015-02-04 12:59,30.303072,59.963994,Отделочные материалы,Isover,4245445580983960,32,4900
Barleone,2015-11-28 11:11,30.293232,59.959192,Одежда для активного отдыха,Columbia,4245441393785754,31,12000
Дизель спот,2020-01-01 14:58,30.468788,59.960016,Топливные системы,Magna,4245441393785754,5,9500
Мастеровой,2020-07-13 23:36,30.361738,59.943736,Краски и лаки,Beckers,4276448994367556,25,2400
Дизель спот,2024-01-29 13:13,30.235619,59.993021,Подвеска и рулевое управление,Beck/Arnley,4276448994367556,12,11500
DreamWhite,2025-01-05 10:51,30.370335,59.938003,Одежда для дома,Marks & Spencer,4276448994367556,5,2500
ТехноНИКОЛЬ,2016-04-28 10:10,30.432281,59.897979,Крепеж и метизы,Mungo,4276448994367556,12,3100
ТехноНИКОЛЬ,2018-01-27 12:50,30.433004,59.898045,Отделочные материалы,Henkel,4276448994367556,5,4500
